DateTime,predictions,actuals
2024-11-29 04:35:00+00:00,1760.7202,1858.55
2024-11-29 04:36:00+00:00,1761.093,1857.55
2024-11-29 04:37:00+00:00,1762.263,1856.25
2024-11-29 04:38:00+00:00,1761.5762,1859.05
2024-11-29 04:39:00+00:00,1761.6733,1861.8
2024-11-29 04:40:00+00:00,1765.5016,1860.05
2024-11-29 04:41:00+00:00,1767.9376,1859.05
2024-11-29 04:42:00+00:00,1766.3433,1859.6
2024-11-29 04:43:00+00:00,1767.0381,1858.0
2024-11-29 04:44:00+00:00,1766.4952,1856.0
2024-11-29 04:45:00+00:00,1764.9453,1857.25
2024-11-29 04:46:00+00:00,1763.7642,1858.75
2024-11-29 04:47:00+00:00,1766.8079,1858.55
2024-11-29 04:48:00+00:00,1767.3953,1859.5
2024-11-29 04:49:00+00:00,1766.7651,1860.35
2024-11-29 04:50:00+00:00,1767.7754,1859.85
2024-11-29 04:51:00+00:00,1770.6982,1863.9
2024-11-29 04:52:00+00:00,1773.1283,1862.75
2024-11-29 04:53:00+00:00,1775.4346,1861.0
2024-11-29 04:54:00+00:00,1773.2676,1864.9
2024-11-29 04:55:00+00:00,1776.0614,1864.45
2024-11-29 04:56:00+00:00,1779.7977,1868.6
2024-11-29 04:57:00+00:00,1783.6583,1872.05
2024-11-29 04:58:00+00:00,1790.1211,1870.95
2024-11-29 04:59:00+00:00,1793.8442,1872.0
2024-11-29 05:00:00+00:00,1793.8838,1869.8
2024-11-29 05:01:00+00:00,1794.2955,1871.8
2024-11-29 05:02:00+00:00,1794.8726,1874.45
2024-11-29 05:03:00+00:00,1798.3928,1876.0
2024-11-29 05:04:00+00:00,1799.4254,1876.4
2024-11-29 05:05:00+00:00,1800.9607,1874.75
2024-11-29 05:06:00+00:00,1801.1951,1873.0
2024-11-29 05:07:00+00:00,1800.3116,1872.45
2024-11-29 05:08:00+00:00,1800.6819,1873.9
2024-11-29 05:09:00+00:00,1800.2853,1872.0
2024-11-29 05:10:00+00:00,1801.2434,1871.8
2024-11-29 05:11:00+00:00,1799.4075,1870.55
2024-11-29 05:12:00+00:00,1797.6467,1871.4
2024-11-29 05:13:00+00:00,1798.0447,1870.65
2024-11-29 05:14:00+00:00,1797.0834,1869.9
2024-11-29 05:15:00+00:00,1797.4146,1870.05
2024-11-29 05:16:00+00:00,1797.0438,1869.65
2024-11-29 05:17:00+00:00,1794.6108,1872.2
2024-11-29 05:18:00+00:00,1795.0554,1871.2
2024-11-29 05:19:00+00:00,1795.4086,1870.95
2024-11-29 05:20:00+00:00,1794.312,1871.35
2024-11-29 05:21:00+00:00,1795.8955,1870.75
2024-11-29 05:22:00+00:00,1795.4939,1871.4
2024-11-29 05:23:00+00:00,1793.9507,1869.7
2024-11-29 05:24:00+00:00,1793.3029,1867.75
2024-11-29 05:25:00+00:00,1790.7717,1866.3
2024-11-29 05:26:00+00:00,1789.3768,1870.7
2024-11-29 05:27:00+00:00,1793.1174,1870.4
2024-11-29 05:28:00+00:00,1795.122,1868.5
2024-11-29 05:29:00+00:00,1790.7473,1869.6
2024-11-29 05:30:00+00:00,1789.4017,1869.4
2024-11-29 05:31:00+00:00,1790.3981,1869.2
2024-11-29 05:32:00+00:00,1788.7587,1868.25
2024-11-29 05:33:00+00:00,1788.1196,1867.4
2024-11-29 05:34:00+00:00,1787.2715,1867.0
2024-11-29 05:35:00+00:00,1785.6986,1865.6
2024-11-29 05:36:00+00:00,1783.7588,1864.7
2024-11-29 05:37:00+00:00,1782.817,1865.4
2024-11-29 05:38:00+00:00,1781.4622,1864.8
2024-11-29 05:39:00+00:00,1781.866,1863.7
2024-11-29 05:40:00+00:00,1780.6678,1863.35
2024-11-29 05:41:00+00:00,1774.4716,1863.95
2024-11-29 05:42:00+00:00,1774.2031,1863.2
2024-11-29 05:43:00+00:00,1774.4434,1863.25
2024-11-29 05:44:00+00:00,1772.631,1864.65
2024-11-29 05:45:00+00:00,1773.8188,1864.65
2024-11-29 05:46:00+00:00,1774.2505,1863.2
2024-11-29 05:47:00+00:00,1773.6095,1863.3
2024-11-29 05:48:00+00:00,1771.509,1863.05
2024-11-29 05:49:00+00:00,1771.8715,1861.85
2024-11-29 05:50:00+00:00,1770.7175,1861.65
2024-11-29 05:51:00+00:00,1769.9633,1862.4
2024-11-29 05:52:00+00:00,1769.1724,1861.6
2024-11-29 05:53:00+00:00,1768.3713,1862.3
2024-11-29 05:54:00+00:00,1768.7612,1863.3
2024-11-29 05:55:00+00:00,1768.8948,1863.2
2024-11-29 05:56:00+00:00,1768.9712,1862.15
2024-11-29 05:57:00+00:00,1768.2036,1861.5
2024-11-29 05:58:00+00:00,1767.4602,1861.25
2024-11-29 05:59:00+00:00,1764.7577,1861.5
2024-11-29 06:00:00+00:00,1764.7888,1862.4
2024-11-29 06:01:00+00:00,1765.8861,1860.95
2024-11-29 06:02:00+00:00,1765.7424,1861.1
2024-11-29 06:03:00+00:00,1765.7412,1861.1
2024-11-29 06:04:00+00:00,1765.4011,1860.6
2024-11-29 06:05:00+00:00,1765.4427,1860.7
2024-11-29 06:06:00+00:00,1764.0247,1860.7
2024-11-29 06:07:00+00:00,1764.8811,1860.1
2024-11-29 06:08:00+00:00,1763.0679,1859.7
2024-11-29 06:09:00+00:00,1761.9005,1860.6
2024-11-29 06:10:00+00:00,1762.9587,1860.15
2024-11-29 06:11:00+00:00,1763.6438,1860.0
2024-11-29 06:12:00+00:00,1763.5474,1858.8
2024-11-29 06:13:00+00:00,1762.9968,1860.45
2024-11-29 06:14:00+00:00,1765.2649,1860.2
2024-11-29 06:15:00+00:00,1763.0096,1860.75
2024-11-29 06:16:00+00:00,1764.3855,1861.0
2024-11-29 06:17:00+00:00,1765.0149,1861.0
2024-11-29 06:18:00+00:00,1764.3062,1860.4
2024-11-29 06:19:00+00:00,1764.7068,1860.1
2024-11-29 06:20:00+00:00,1764.0771,1859.2
2024-11-29 06:21:00+00:00,1763.8862,1860.0
2024-11-29 06:22:00+00:00,1764.2631,1859.75
2024-11-29 06:23:00+00:00,1764.8059,1860.35
2024-11-29 06:24:00+00:00,1764.2319,1860.25
2024-11-29 06:25:00+00:00,1765.2267,1861.25
2024-11-29 06:26:00+00:00,1766.4586,1861.25
2024-11-29 06:27:00+00:00,1768.8064,1861.3
2024-11-29 06:28:00+00:00,1766.7908,1861.85
2024-11-29 06:29:00+00:00,1769.2484,1862.5
2024-11-29 06:30:00+00:00,1768.8015,1863.9
2024-11-29 06:31:00+00:00,1771.1272,1864.0
2024-11-29 06:32:00+00:00,1773.0282,1863.35
2024-11-29 06:33:00+00:00,1773.1543,1863.6
2024-11-29 06:34:00+00:00,1774.0278,1865.0
2024-11-29 06:35:00+00:00,1775.1257,1864.2
2024-11-29 06:36:00+00:00,1776.4087,1864.0
2024-11-29 06:37:00+00:00,1776.187,1863.4
2024-11-29 06:38:00+00:00,1775.0939,1863.5
2024-11-29 06:39:00+00:00,1774.2678,1862.75
2024-11-29 06:40:00+00:00,1774.266,1863.0
2024-11-29 06:41:00+00:00,1772.7993,1863.1
2024-11-29 06:42:00+00:00,1773.4128,1863.65
2024-11-29 06:43:00+00:00,1773.7788,1864.5
2024-11-29 06:44:00+00:00,1774.7625,1864.55
2024-11-29 06:45:00+00:00,1773.362,1864.6
2024-11-29 06:46:00+00:00,1773.4994,1863.95
2024-11-29 06:47:00+00:00,1774.3296,1864.1
2024-11-29 06:48:00+00:00,1774.2787,1867.5
2024-11-29 06:49:00+00:00,1776.5498,1866.4
2024-11-29 06:50:00+00:00,1779.4404,1865.9
2024-11-29 06:51:00+00:00,1778.72,1863.85
2024-11-29 06:52:00+00:00,1777.3602,1863.25
2024-11-29 06:53:00+00:00,1775.4369,1862.85
2024-11-29 06:54:00+00:00,1774.6902,1861.65
2024-11-29 06:55:00+00:00,1773.5569,1862.5
2024-11-29 06:56:00+00:00,1772.7812,1862.25
2024-11-29 06:57:00+00:00,1772.4406,1862.0
2024-11-29 06:58:00+00:00,1771.1707,1861.85
2024-11-29 06:59:00+00:00,1770.7047,1862.35
2024-11-29 07:00:00+00:00,1771.2083,1861.5
2024-11-29 07:01:00+00:00,1770.6656,1860.15
2024-11-29 07:02:00+00:00,1768.6648,1860.85
2024-11-29 07:03:00+00:00,1766.0277,1860.15
2024-11-29 07:04:00+00:00,1766.5048,1861.8
2024-11-29 07:05:00+00:00,1767.1665,1861.45
2024-11-29 07:06:00+00:00,1768.3425,1862.2
2024-11-29 07:07:00+00:00,1768.9541,1862.0
2024-11-29 07:08:00+00:00,1770.2686,1861.45
2024-11-29 07:09:00+00:00,1769.2191,1861.1
2024-11-29 07:10:00+00:00,1767.8684,1861.1
2024-11-29 07:11:00+00:00,1767.4165,1861.5
2024-11-29 07:12:00+00:00,1767.3893,1861.05
2024-11-29 07:13:00+00:00,1767.3003,1861.95
2024-11-29 07:14:00+00:00,1766.4348,1861.8
2024-11-29 07:15:00+00:00,1767.9629,1861.15
2024-11-29 07:16:00+00:00,1768.3098,1861.85
2024-11-29 07:17:00+00:00,1768.5679,1862.7
2024-11-29 07:18:00+00:00,1770.5835,1862.95
2024-11-29 07:19:00+00:00,1770.2046,1862.35
2024-11-29 07:20:00+00:00,1770.4116,1862.75
2024-11-29 07:21:00+00:00,1769.6204,1861.9
2024-11-29 07:22:00+00:00,1768.6255,1861.05
2024-11-29 07:23:00+00:00,1768.3666,1860.25
2024-11-29 07:24:00+00:00,1766.8397,1861.0
2024-11-29 07:25:00+00:00,1766.9734,1860.95
2024-11-29 07:26:00+00:00,1767.4258,1861.65
2024-11-29 07:27:00+00:00,1767.2068,1862.95
2024-11-29 07:28:00+00:00,1768.1976,1863.4
2024-11-29 07:29:00+00:00,1769.6024,1863.2
2024-11-29 07:30:00+00:00,1770.8552,1863.25
2024-11-29 07:31:00+00:00,1770.0004,1863.1
2024-11-29 07:32:00+00:00,1769.4983,1861.9
2024-11-29 07:33:00+00:00,1768.2203,1861.1
2024-11-29 07:34:00+00:00,1767.3234,1860.2
2024-11-29 07:35:00+00:00,1766.3217,1860.2
2024-11-29 07:36:00+00:00,1766.0953,1861.0
2024-11-29 07:37:00+00:00,1767.3693,1860.8
2024-11-29 07:38:00+00:00,1768.2527,1860.75
2024-11-29 07:39:00+00:00,1767.0631,1860.05
2024-11-29 07:40:00+00:00,1765.6235,1859.85
2024-11-29 07:41:00+00:00,1765.0485,1860.95
2024-11-29 07:42:00+00:00,1764.105,1860.45
2024-11-29 07:43:00+00:00,1763.6963,1860.2
2024-11-29 07:44:00+00:00,1762.9998,1861.2
2024-11-29 07:45:00+00:00,1764.5173,1860.45
2024-11-29 07:46:00+00:00,1764.2648,1859.7
2024-11-29 07:47:00+00:00,1763.94,1860.35
2024-11-29 07:48:00+00:00,1764.906,1859.85
2024-11-29 07:49:00+00:00,1765.0559,1861.0
2024-11-29 07:50:00+00:00,1765.7194,1861.25
2024-11-29 07:51:00+00:00,1764.638,1861.55
2024-11-29 07:52:00+00:00,1765.7888,1861.9
2024-11-29 07:53:00+00:00,1766.299,1861.7
2024-11-29 07:54:00+00:00,1766.8679,1860.7
2024-11-29 07:55:00+00:00,1765.7131,1860.3
2024-11-29 07:56:00+00:00,1764.6276,1859.55
2024-11-29 07:57:00+00:00,1763.5,1859.5
2024-11-29 07:58:00+00:00,1763.1372,1859.25
2024-11-29 07:59:00+00:00,1761.935,1858.7
2024-11-29 08:00:00+00:00,1761.9783,1859.0
2024-11-29 08:01:00+00:00,1762.6428,1858.9
2024-11-29 08:02:00+00:00,1761.3228,1860.6
2024-11-29 08:03:00+00:00,1763.2737,1859.7
2024-11-29 08:04:00+00:00,1762.0122,1860.15
2024-11-29 08:05:00+00:00,1761.343,1859.7
2024-11-29 08:06:00+00:00,1761.1206,1859.65
2024-11-29 08:07:00+00:00,1760.572,1859.3
2024-11-29 08:08:00+00:00,1760.3159,1859.3
2024-11-29 08:09:00+00:00,1760.6511,1859.15
2024-11-29 08:10:00+00:00,1760.74,1859.15
2024-11-29 08:11:00+00:00,1761.702,1858.8
2024-11-29 08:12:00+00:00,1761.1505,1859.05
2024-11-29 08:13:00+00:00,1761.0378,1859.1
2024-11-29 08:14:00+00:00,1761.5754,1859.1
2024-11-29 08:15:00+00:00,1761.5154,1858.15
2024-11-29 08:16:00+00:00,1760.3663,1858.3
2024-11-29 08:17:00+00:00,1758.1179,1857.3
2024-11-29 08:18:00+00:00,1758.0847,1857.4
2024-11-29 08:19:00+00:00,1757.3248,1858.4
2024-11-29 08:20:00+00:00,1758.8939,1858.45
2024-11-29 08:21:00+00:00,1759.084,1859.0
2024-11-29 08:22:00+00:00,1760.3909,1859.2
2024-11-29 08:23:00+00:00,1760.778,1859.6
2024-11-29 08:24:00+00:00,1761.4473,1859.7
2024-11-29 08:25:00+00:00,1761.8235,1858.95
2024-11-29 08:26:00+00:00,1761.3768,1859.25
2024-11-29 08:27:00+00:00,1760.9972,1859.8
2024-11-29 08:28:00+00:00,1762.0889,1859.75
2024-11-29 08:29:00+00:00,1761.8473,1859.25
2024-11-29 08:30:00+00:00,1762.7756,1860.05
2024-11-29 08:31:00+00:00,1763.0997,1860.0
2024-11-29 08:32:00+00:00,1764.2134,1858.85
2024-11-29 08:33:00+00:00,1763.1814,1858.75
2024-11-29 08:34:00+00:00,1761.884,1859.2
2024-11-29 08:35:00+00:00,1761.9456,1859.4
2024-11-29 08:36:00+00:00,1760.8374,1859.75
2024-11-29 08:37:00+00:00,1762.0114,1859.25
2024-11-29 08:38:00+00:00,1761.3147,1858.65
2024-11-29 08:39:00+00:00,1760.834,1858.2
2024-11-29 08:40:00+00:00,1760.8379,1857.05
2024-11-29 08:41:00+00:00,1760.4414,1855.5
2024-11-29 08:42:00+00:00,1759.0339,1855.95
2024-11-29 08:43:00+00:00,1757.6252,1856.0
2024-11-29 08:44:00+00:00,1757.4775,1856.05
2024-11-29 08:45:00+00:00,1756.7847,1855.9
2024-11-29 08:46:00+00:00,1756.5946,1855.7
2024-11-29 08:47:00+00:00,1757.7017,1856.75
2024-11-29 08:48:00+00:00,1757.6448,1857.65
2024-11-29 08:49:00+00:00,1758.0857,1857.5
2024-11-29 08:50:00+00:00,1758.5591,1856.65
2024-11-29 08:51:00+00:00,1757.9158,1856.4
2024-11-29 08:52:00+00:00,1756.3582,1856.95
2024-11-29 08:53:00+00:00,1756.8477,1858.2
2024-11-29 08:54:00+00:00,1757.906,1859.8
2024-11-29 08:55:00+00:00,1760.8359,1859.0
2024-11-29 08:56:00+00:00,1762.3579,1860.0
2024-11-29 08:57:00+00:00,1762.334,1859.8
2024-11-29 08:58:00+00:00,1762.8333,1859.35
2024-11-29 08:59:00+00:00,1762.3418,1859.25
2024-11-29 09:00:00+00:00,1762.6885,1859.2
2024-11-29 09:01:00+00:00,1762.9487,1861.15
2024-11-29 09:02:00+00:00,1763.5686,1861.2
2024-11-29 09:03:00+00:00,1764.5892,1862.35
2024-11-29 09:04:00+00:00,1765.2632,1861.15
2024-11-29 09:05:00+00:00,1766.9503,1862.3
2024-11-29 09:06:00+00:00,1766.5212,1861.55
2024-11-29 09:07:00+00:00,1767.6687,1860.55
2024-11-29 09:08:00+00:00,1766.6283,1860.05
2024-11-29 09:09:00+00:00,1764.5054,1859.5
2024-11-29 09:10:00+00:00,1764.4602,1859.1
2024-11-29 09:11:00+00:00,1763.166,1859.85
2024-11-29 09:12:00+00:00,1763.565,1862.25
2024-11-29 09:13:00+00:00,1766.1658,1861.8
2024-11-29 09:14:00+00:00,1766.1575,1860.5
2024-11-29 09:15:00+00:00,1765.2753,1860.95
2024-11-29 09:16:00+00:00,1764.5385,1859.45
2024-11-29 09:17:00+00:00,1763.4938,1860.15
2024-11-29 09:18:00+00:00,1763.119,1859.55
2024-11-29 09:19:00+00:00,1763.163,1859.75
2024-11-29 09:20:00+00:00,1762.8514,1859.9
2024-11-29 09:21:00+00:00,1762.5651,1860.4
2024-11-29 09:22:00+00:00,1763.8618,1859.5
2024-11-29 09:23:00+00:00,1763.876,1860.95
2024-11-29 09:24:00+00:00,1764.49,1860.4
2024-11-29 09:25:00+00:00,1765.6785,1859.95
2024-11-29 09:26:00+00:00,1764.2903,1859.45
2024-11-29 09:27:00+00:00,1761.432,1860.95
2024-11-29 09:28:00+00:00,1763.0151,1860.5
2024-11-29 09:29:00+00:00,1763.7045,1859.95
2024-11-29 09:30:00+00:00,1763.2783,1863.0
2024-11-29 09:31:00+00:00,1769.5266,1859.25
2024-11-29 09:32:00+00:00,1769.3142,1860.5
2024-11-29 09:33:00+00:00,1766.655,1859.35
2024-11-29 09:34:00+00:00,1766.0706,1858.95
2024-11-29 09:35:00+00:00,1765.8896,1857.85
2024-11-29 09:36:00+00:00,1763.7441,1857.95
2024-11-29 09:37:00+00:00,1765.9746,1859.45
2024-11-29 09:38:00+00:00,1762.9089,1859.25
2024-11-29 09:39:00+00:00,1765.0736,1858.0
2024-11-29 09:40:00+00:00,1763.5403,1855.7
2024-11-29 09:41:00+00:00,1761.8915,1855.1
2024-11-29 09:42:00+00:00,1759.4,1855.3
2024-11-29 09:43:00+00:00,1761.0835,1856.05
2024-11-29 09:44:00+00:00,1759.677,1857.85
2024-11-29 09:45:00+00:00,1759.6267,1856.8
2024-11-29 09:46:00+00:00,1761.8667,1857.65
2024-11-29 09:47:00+00:00,1760.0835,1858.15
2024-11-29 09:48:00+00:00,1761.6086,1857.75
2024-11-29 09:49:00+00:00,1761.0261,1858.55
2024-11-29 09:50:00+00:00,1763.2786,1858.35
2024-11-29 09:51:00+00:00,1761.3596,1858.85
2024-11-29 09:52:00+00:00,1762.0615,1857.1
2024-11-29 09:53:00+00:00,1761.094,1857.2
2024-11-29 09:54:00+00:00,1760.7,1857.2
2024-11-29 09:55:00+00:00,1760.9535,1857.5
2024-11-29 09:56:00+00:00,1762.947,1856.5
2024-11-29 09:57:00+00:00,1761.802,1857.3
2024-11-29 09:58:00+00:00,1760.7014,1857.0
2024-11-29 09:59:00+00:00,1760.9666,1855.4
2024-12-02 03:45:00+00:00,1757.9858,1835.2
2024-12-02 03:46:00+00:00,1752.1459,1839.7
2024-12-02 03:47:00+00:00,1740.7642,1839.05
2024-12-02 03:48:00+00:00,1739.2058,1840.65
2024-12-02 03:49:00+00:00,1734.5768,1842.55
2024-12-02 03:50:00+00:00,1736.1499,1842.95
2024-12-02 03:51:00+00:00,1735.2356,1845.0
2024-12-02 03:52:00+00:00,1736.6187,1844.95
2024-12-02 03:53:00+00:00,1737.4954,1846.35
2024-12-02 03:54:00+00:00,1740.4288,1843.55
2024-12-02 03:55:00+00:00,1737.0173,1843.7
2024-12-02 03:56:00+00:00,1730.634,1844.65
2024-12-02 03:57:00+00:00,1728.2725,1845.05
2024-12-02 03:58:00+00:00,1731.6226,1846.35
2024-12-02 03:59:00+00:00,1730.6091,1849.0
2024-12-02 04:00:00+00:00,1734.8269,1850.0
2024-12-02 04:01:00+00:00,1736.9956,1847.7
2024-12-02 04:02:00+00:00,1742.0774,1845.8
2024-12-02 04:03:00+00:00,1738.1726,1845.85
2024-12-02 04:04:00+00:00,1729.1465,1848.3
2024-12-02 04:05:00+00:00,1727.8964,1848.1
2024-12-02 04:06:00+00:00,1733.9705,1846.0
2024-12-02 04:07:00+00:00,1738.5024,1846.7
2024-12-02 04:08:00+00:00,1732.2495,1849.8
2024-12-02 04:09:00+00:00,1733.7402,1851.5
2024-12-02 04:10:00+00:00,1741.1553,1854.15
2024-12-02 04:11:00+00:00,1743.4878,1855.9
2024-12-02 04:12:00+00:00,1747.0176,1854.75
2024-12-02 04:13:00+00:00,1748.5009,1854.3
2024-12-02 04:14:00+00:00,1747.7458,1857.0
2024-12-02 04:15:00+00:00,1747.9414,1859.2
2024-12-02 04:16:00+00:00,1752.7594,1858.15
2024-12-02 04:17:00+00:00,1756.6978,1862.05
2024-12-02 04:18:00+00:00,1758.0609,1863.9
2024-12-02 04:19:00+00:00,1762.0476,1863.35
2024-12-02 04:20:00+00:00,1765.654,1861.7
2024-12-02 04:21:00+00:00,1766.78,1863.0
2024-12-02 04:22:00+00:00,1766.3711,1863.05
2024-12-02 04:23:00+00:00,1769.6755,1862.0
2024-12-02 04:24:00+00:00,1770.1567,1862.0
2024-12-02 04:25:00+00:00,1770.2421,1861.7
2024-12-02 04:26:00+00:00,1770.9624,1861.25
2024-12-02 04:27:00+00:00,1772.2007,1861.75
2024-12-02 04:28:00+00:00,1771.0985,1860.7
2024-12-02 04:29:00+00:00,1770.5142,1861.2
2024-12-02 04:30:00+00:00,1769.8008,1859.7
2024-12-02 04:31:00+00:00,1770.0638,1860.45
2024-12-02 04:32:00+00:00,1767.702,1859.85
2024-12-02 04:33:00+00:00,1766.2275,1861.0
2024-12-02 04:34:00+00:00,1766.4479,1862.15
2024-12-02 04:35:00+00:00,1769.7085,1861.2
2024-12-02 04:36:00+00:00,1768.949,1860.0
2024-12-02 04:37:00+00:00,1767.612,1859.45
2024-12-02 04:38:00+00:00,1767.019,1858.6
2024-12-02 04:39:00+00:00,1765.198,1858.25
2024-12-02 04:40:00+00:00,1764.1912,1856.8
2024-12-02 04:41:00+00:00,1763.4963,1857.6
2024-12-02 04:42:00+00:00,1763.1862,1858.65
2024-12-02 04:43:00+00:00,1764.2942,1860.6
2024-12-02 04:44:00+00:00,1765.2936,1862.05
2024-12-02 04:45:00+00:00,1768.2588,1866.3
2024-12-02 04:46:00+00:00,1770.3138,1866.3
2024-12-02 04:47:00+00:00,1773.8248,1865.9
2024-12-02 04:48:00+00:00,1774.0703,1864.65
2024-12-02 04:49:00+00:00,1773.0349,1864.35
2024-12-02 04:50:00+00:00,1772.435,1865.8
2024-12-02 04:51:00+00:00,1774.5071,1864.0
2024-12-02 04:52:00+00:00,1775.1086,1863.7
2024-12-02 04:53:00+00:00,1774.4565,1863.55
2024-12-02 04:54:00+00:00,1774.544,1862.55
2024-12-02 04:55:00+00:00,1774.4021,1861.7
2024-12-02 04:56:00+00:00,1773.0154,1861.6
2024-12-02 04:57:00+00:00,1772.2415,1861.8
2024-12-02 04:58:00+00:00,1771.5317,1862.6
2024-12-02 04:59:00+00:00,1771.4746,1863.6
2024-12-02 05:00:00+00:00,1769.4231,1862.1
2024-12-02 05:01:00+00:00,1769.5259,1862.5
2024-12-02 05:02:00+00:00,1768.6462,1862.2
2024-12-02 05:03:00+00:00,1769.6304,1860.55
2024-12-02 05:04:00+00:00,1769.1635,1860.5
2024-12-02 05:05:00+00:00,1766.3358,1860.45
2024-12-02 05:06:00+00:00,1766.7988,1860.45
2024-12-02 05:07:00+00:00,1766.4565,1858.6
2024-12-02 05:08:00+00:00,1765.6074,1859.2
2024-12-02 05:09:00+00:00,1765.1383,1860.4
2024-12-02 05:10:00+00:00,1765.8131,1860.4
2024-12-02 05:11:00+00:00,1766.8467,1860.5
2024-12-02 05:12:00+00:00,1767.3975,1856.5
2024-12-02 05:13:00+00:00,1763.4061,1857.0
2024-12-02 05:14:00+00:00,1761.5555,1860.3
2024-12-02 05:15:00+00:00,1764.7716,1861.8
2024-12-02 05:16:00+00:00,1766.6548,1861.6
2024-12-02 05:17:00+00:00,1767.199,1861.5
2024-12-02 05:18:00+00:00,1767.5713,1861.7
2024-12-02 05:19:00+00:00,1767.7748,1862.0
2024-12-02 05:20:00+00:00,1767.606,1862.1
2024-12-02 05:21:00+00:00,1768.4744,1862.2
2024-12-02 05:22:00+00:00,1769.5308,1861.0
2024-12-02 05:23:00+00:00,1768.8269,1863.0
2024-12-02 05:24:00+00:00,1768.7366,1861.6
2024-12-02 05:25:00+00:00,1768.8087,1861.7
2024-12-02 05:26:00+00:00,1768.2961,1862.2
2024-12-02 05:27:00+00:00,1772.3636,1862.4
2024-12-02 05:28:00+00:00,1772.9408,1863.8
2024-12-02 05:29:00+00:00,1772.469,1863.25
2024-12-02 05:30:00+00:00,1772.2194,1864.0
2024-12-02 05:31:00+00:00,1773.1584,1864.2
2024-12-02 05:32:00+00:00,1773.8174,1864.25
2024-12-02 05:33:00+00:00,1774.457,1864.6
2024-12-02 05:34:00+00:00,1774.7765,1864.05
2024-12-02 05:35:00+00:00,1774.541,1862.75
2024-12-02 05:36:00+00:00,1773.4894,1863.85
2024-12-02 05:37:00+00:00,1774.2095,1863.5
2024-12-02 05:38:00+00:00,1773.98,1864.05
2024-12-02 05:39:00+00:00,1774.7946,1865.5
2024-12-02 05:40:00+00:00,1777.8035,1866.3
2024-12-02 05:41:00+00:00,1778.7566,1865.1
2024-12-02 05:42:00+00:00,1779.464,1865.3
2024-12-02 05:43:00+00:00,1774.882,1864.65
2024-12-02 05:44:00+00:00,1775.648,1865.75
2024-12-02 05:45:00+00:00,1776.6895,1866.6
2024-12-02 05:46:00+00:00,1779.2332,1866.95
2024-12-02 05:47:00+00:00,1780.1357,1867.9
2024-12-02 05:48:00+00:00,1781.8118,1869.7
2024-12-02 05:49:00+00:00,1784.6016,1869.4
2024-12-02 05:50:00+00:00,1786.2355,1870.0
2024-12-02 05:51:00+00:00,1787.1736,1868.5
2024-12-02 05:52:00+00:00,1785.0466,1869.5
2024-12-02 05:53:00+00:00,1786.0466,1869.6
2024-12-02 05:54:00+00:00,1786.7085,1868.2
2024-12-02 05:55:00+00:00,1786.1943,1867.9
2024-12-02 05:56:00+00:00,1785.2864,1868.0
2024-12-02 05:57:00+00:00,1785.9968,1868.0
2024-12-02 05:58:00+00:00,1786.5704,1869.5
2024-12-02 05:59:00+00:00,1786.3918,1868.95
2024-12-02 06:00:00+00:00,1786.4684,1869.35
2024-12-02 06:01:00+00:00,1787.5845,1870.65
2024-12-02 06:02:00+00:00,1788.081,1869.65
2024-12-02 06:03:00+00:00,1786.797,1870.2
2024-12-02 06:04:00+00:00,1787.6455,1869.65
2024-12-02 06:05:00+00:00,1787.126,1868.75
2024-12-02 06:06:00+00:00,1788.6003,1869.45
2024-12-02 06:07:00+00:00,1786.1633,1869.4
2024-12-02 06:08:00+00:00,1788.6487,1870.0
2024-12-02 06:09:00+00:00,1789.1819,1870.45
2024-12-02 06:10:00+00:00,1790.7456,1870.5
2024-12-02 06:11:00+00:00,1791.512,1870.5
2024-12-02 06:12:00+00:00,1790.6836,1870.15
2024-12-02 06:13:00+00:00,1789.1165,1870.1
2024-12-02 06:14:00+00:00,1790.0593,1871.5
2024-12-02 06:15:00+00:00,1791.5483,1873.05
2024-12-02 06:16:00+00:00,1791.8064,1870.5
2024-12-02 06:17:00+00:00,1792.067,1870.35
2024-12-02 06:18:00+00:00,1789.481,1868.5
2024-12-02 06:19:00+00:00,1788.6863,1868.0
2024-12-02 06:20:00+00:00,1787.0197,1867.6
2024-12-02 06:21:00+00:00,1786.0841,1867.9
2024-12-02 06:22:00+00:00,1785.7168,1868.0
2024-12-02 06:23:00+00:00,1786.0632,1868.0
2024-12-02 06:24:00+00:00,1784.9958,1868.15
2024-12-02 06:25:00+00:00,1785.1017,1868.75
2024-12-02 06:26:00+00:00,1785.3405,1868.2
2024-12-02 06:27:00+00:00,1785.6387,1868.6
2024-12-02 06:28:00+00:00,1785.3484,1870.45
2024-12-02 06:29:00+00:00,1784.9275,1870.05
2024-12-02 06:30:00+00:00,1785.6667,1869.0
2024-12-02 06:31:00+00:00,1786.0664,1868.15
2024-12-02 06:32:00+00:00,1784.0796,1865.05
2024-12-02 06:33:00+00:00,1782.306,1865.0
2024-12-02 06:34:00+00:00,1780.1567,1864.0
2024-12-02 06:35:00+00:00,1779.0171,1864.65
2024-12-02 06:36:00+00:00,1777.8116,1865.15
2024-12-02 06:37:00+00:00,1777.1987,1864.95
2024-12-02 06:38:00+00:00,1776.9319,1865.1
2024-12-02 06:39:00+00:00,1775.6093,1865.4
2024-12-02 06:40:00+00:00,1775.6199,1865.8
2024-12-02 06:41:00+00:00,1775.693,1863.85
2024-12-02 06:42:00+00:00,1775.0249,1864.75
2024-12-02 06:43:00+00:00,1772.3275,1865.0
2024-12-02 06:44:00+00:00,1772.448,1864.0
2024-12-02 06:45:00+00:00,1772.6409,1864.7
2024-12-02 06:46:00+00:00,1773.3152,1864.6
2024-12-02 06:47:00+00:00,1775.1874,1864.9
2024-12-02 06:48:00+00:00,1775.0898,1864.85
2024-12-02 06:49:00+00:00,1775.4873,1865.1
2024-12-02 06:50:00+00:00,1774.5176,1865.15
2024-12-02 06:51:00+00:00,1773.7183,1865.45
2024-12-02 06:52:00+00:00,1773.8848,1865.45
2024-12-02 06:53:00+00:00,1773.62,1865.9
2024-12-02 06:54:00+00:00,1773.7529,1865.9
2024-12-02 06:55:00+00:00,1773.987,1866.3
2024-12-02 06:56:00+00:00,1778.1866,1866.2
2024-12-02 06:57:00+00:00,1777.9739,1867.0
2024-12-02 06:58:00+00:00,1779.5798,1867.45
2024-12-02 06:59:00+00:00,1781.6567,1868.55
2024-12-02 07:00:00+00:00,1782.4631,1868.2
2024-12-02 07:01:00+00:00,1781.9319,1868.0
2024-12-02 07:02:00+00:00,1780.967,1869.3
2024-12-02 07:03:00+00:00,1782.7083,1867.55
2024-12-02 07:04:00+00:00,1781.0905,1867.85
2024-12-02 07:05:00+00:00,1780.297,1868.35
2024-12-02 07:06:00+00:00,1781.4904,1869.15
2024-12-02 07:07:00+00:00,1781.5127,1868.65
2024-12-02 07:08:00+00:00,1782.7605,1868.55
2024-12-02 07:09:00+00:00,1783.0806,1868.45
2024-12-02 07:10:00+00:00,1782.828,1869.2
2024-12-02 07:11:00+00:00,1783.3298,1868.35
2024-12-02 07:12:00+00:00,1782.5303,1868.3
2024-12-02 07:13:00+00:00,1782.5876,1868.75
2024-12-02 07:14:00+00:00,1781.9956,1868.65
2024-12-02 07:15:00+00:00,1782.2131,1868.85
2024-12-02 07:16:00+00:00,1783.0916,1868.1
2024-12-02 07:17:00+00:00,1781.7295,1869.45
2024-12-02 07:18:00+00:00,1783.2803,1869.0
2024-12-02 07:19:00+00:00,1785.5388,1869.9
2024-12-02 07:20:00+00:00,1784.1875,1870.8
2024-12-02 07:21:00+00:00,1786.1294,1870.3
2024-12-02 07:22:00+00:00,1787.1633,1871.65
2024-12-02 07:23:00+00:00,1788.8062,1872.5
2024-12-02 07:24:00+00:00,1791.7654,1872.0
2024-12-02 07:25:00+00:00,1789.8926,1871.15
2024-12-02 07:26:00+00:00,1790.1381,1873.35
2024-12-02 07:27:00+00:00,1791.731,1871.65
2024-12-02 07:28:00+00:00,1792.436,1872.55
2024-12-02 07:29:00+00:00,1792.2205,1871.7
2024-12-02 07:30:00+00:00,1792.1926,1871.7
2024-12-02 07:31:00+00:00,1791.1885,1871.5
2024-12-02 07:32:00+00:00,1790.8961,1870.65
2024-12-02 07:33:00+00:00,1789.9514,1870.6
2024-12-02 07:34:00+00:00,1789.675,1870.85
2024-12-02 07:35:00+00:00,1789.6064,1870.7
2024-12-02 07:36:00+00:00,1790.0281,1871.3
2024-12-02 07:37:00+00:00,1790.1456,1871.45
2024-12-02 07:38:00+00:00,1788.7781,1871.25
2024-12-02 07:39:00+00:00,1789.4131,1871.6
2024-12-02 07:40:00+00:00,1790.803,1870.65
2024-12-02 07:41:00+00:00,1787.0874,1871.15
2024-12-02 07:42:00+00:00,1788.7964,1870.35
2024-12-02 07:43:00+00:00,1787.607,1869.2
2024-12-02 07:44:00+00:00,1786.8506,1870.9
2024-12-02 07:45:00+00:00,1787.4552,1870.5
2024-12-02 07:46:00+00:00,1788.5435,1870.45
2024-12-02 07:47:00+00:00,1788.76,1870.75
2024-12-02 07:48:00+00:00,1788.8374,1870.6
2024-12-02 07:49:00+00:00,1788.06,1870.0
2024-12-02 07:50:00+00:00,1787.4622,1869.8
2024-12-02 07:51:00+00:00,1785.7632,1870.15
2024-12-02 07:52:00+00:00,1785.9841,1870.7
2024-12-02 07:53:00+00:00,1787.3201,1869.4
2024-12-02 07:54:00+00:00,1785.2346,1870.0
2024-12-02 07:55:00+00:00,1786.1744,1869.1
2024-12-02 07:56:00+00:00,1783.8093,1869.2
2024-12-02 07:57:00+00:00,1784.1636,1869.75
2024-12-02 07:58:00+00:00,1786.3765,1868.45
2024-12-02 07:59:00+00:00,1784.6642,1868.45
2024-12-02 08:00:00+00:00,1782.8948,1870.45
2024-12-02 08:01:00+00:00,1785.5475,1870.75
2024-12-02 08:02:00+00:00,1786.5182,1870.75
2024-12-02 08:03:00+00:00,1786.5231,1870.15
2024-12-02 08:04:00+00:00,1786.696,1869.9
2024-12-02 08:05:00+00:00,1786.1937,1871.55
2024-12-02 08:06:00+00:00,1786.0558,1871.1
2024-12-02 08:07:00+00:00,1788.0952,1871.05
2024-12-02 08:08:00+00:00,1788.7573,1870.95
2024-12-02 08:09:00+00:00,1788.0328,1870.85
2024-12-02 08:10:00+00:00,1788.719,1870.85
2024-12-02 08:11:00+00:00,1788.7239,1870.15
2024-12-02 08:12:00+00:00,1786.6294,1871.6
2024-12-02 08:13:00+00:00,1788.7845,1871.3
2024-12-02 08:14:00+00:00,1790.2173,1871.25
2024-12-02 08:15:00+00:00,1788.0095,1870.85
2024-12-02 08:16:00+00:00,1787.1301,1869.45
2024-12-02 08:17:00+00:00,1785.9551,1869.15
2024-12-02 08:18:00+00:00,1785.3071,1870.55
2024-12-02 08:19:00+00:00,1785.5746,1871.2
2024-12-02 08:20:00+00:00,1786.5037,1870.2
2024-12-02 08:21:00+00:00,1785.8638,1870.2
2024-12-02 08:22:00+00:00,1785.7057,1869.6
2024-12-02 08:23:00+00:00,1785.5464,1868.85
2024-12-02 08:24:00+00:00,1784.2198,1869.25
2024-12-02 08:25:00+00:00,1783.5815,1869.3
2024-12-02 08:26:00+00:00,1784.2699,1869.05
2024-12-02 08:27:00+00:00,1781.1396,1869.85
2024-12-02 08:28:00+00:00,1781.77,1871.1
2024-12-02 08:29:00+00:00,1786.5908,1872.25
2024-12-02 08:30:00+00:00,1789.7212,1872.0
2024-12-02 08:31:00+00:00,1790.3315,1871.95
2024-12-02 08:32:00+00:00,1789.7163,1873.15
2024-12-02 08:33:00+00:00,1788.8518,1872.4
2024-12-02 08:34:00+00:00,1788.8987,1872.05
2024-12-02 08:35:00+00:00,1789.3661,1873.3
2024-12-02 08:36:00+00:00,1790.1357,1874.0
2024-12-02 08:37:00+00:00,1791.2261,1872.75
2024-12-02 08:38:00+00:00,1790.5325,1872.85
2024-12-02 08:39:00+00:00,1791.2876,1872.6
2024-12-02 08:40:00+00:00,1791.3381,1872.1
2024-12-02 08:41:00+00:00,1790.7649,1872.0
2024-12-02 08:42:00+00:00,1790.3632,1870.7
2024-12-02 08:43:00+00:00,1788.4451,1871.0
2024-12-02 08:44:00+00:00,1786.2537,1871.9
2024-12-02 08:45:00+00:00,1788.0358,1872.6
2024-12-02 08:46:00+00:00,1788.233,1872.75
2024-12-02 08:47:00+00:00,1789.0352,1873.85
2024-12-02 08:48:00+00:00,1790.1211,1876.0
2024-12-02 08:49:00+00:00,1794.4814,1876.55
2024-12-02 08:50:00+00:00,1794.2953,1875.85
2024-12-02 08:51:00+00:00,1794.8461,1876.8
2024-12-02 08:52:00+00:00,1796.751,1875.6
2024-12-02 08:53:00+00:00,1795.8923,1876.0
2024-12-02 08:54:00+00:00,1796.6398,1876.8
2024-12-02 08:55:00+00:00,1798.5979,1876.8
2024-12-02 08:56:00+00:00,1799.0839,1875.6
2024-12-02 08:57:00+00:00,1798.9397,1875.0
2024-12-02 08:58:00+00:00,1798.4917,1875.65
2024-12-02 08:59:00+00:00,1797.0331,1874.95
2024-12-02 09:00:00+00:00,1797.2227,1875.2
2024-12-02 09:01:00+00:00,1796.7832,1875.35
2024-12-02 09:02:00+00:00,1796.7057,1876.05
2024-12-02 09:03:00+00:00,1795.8773,1876.3
2024-12-02 09:04:00+00:00,1795.7422,1876.85
2024-12-02 09:05:00+00:00,1796.6055,1876.25
2024-12-02 09:06:00+00:00,1795.72,1875.95
2024-12-02 09:07:00+00:00,1796.0227,1876.0
2024-12-02 09:08:00+00:00,1796.2683,1877.3
2024-12-02 09:09:00+00:00,1797.157,1877.35
2024-12-02 09:10:00+00:00,1797.8656,1877.75
2024-12-02 09:11:00+00:00,1799.272,1877.6
2024-12-02 09:12:00+00:00,1799.6538,1878.7
2024-12-02 09:13:00+00:00,1800.487,1879.05
2024-12-02 09:14:00+00:00,1802.5513,1878.65
2024-12-02 09:15:00+00:00,1802.2698,1879.0
2024-12-02 09:16:00+00:00,1802.2244,1878.0
2024-12-02 09:17:00+00:00,1801.2029,1877.05
2024-12-02 09:18:00+00:00,1799.228,1877.95
2024-12-02 09:19:00+00:00,1799.8658,1878.3
2024-12-02 09:20:00+00:00,1801.5186,1879.5
2024-12-02 09:21:00+00:00,1802.002,1878.3
2024-12-02 09:22:00+00:00,1802.1516,1878.75
2024-12-02 09:23:00+00:00,1801.9692,1877.75
2024-12-02 09:24:00+00:00,1801.5898,1876.75
2024-12-02 09:25:00+00:00,1799.8337,1877.1
2024-12-02 09:26:00+00:00,1800.3145,1877.3
2024-12-02 09:27:00+00:00,1799.301,1877.0
2024-12-02 09:28:00+00:00,1799.0205,1876.9
2024-12-02 09:29:00+00:00,1797.9817,1876.55
2024-12-02 09:30:00+00:00,1798.0388,1879.9
2024-12-02 09:31:00+00:00,1802.54,1880.75
2024-12-02 09:32:00+00:00,1803.915,1880.95
2024-12-02 09:33:00+00:00,1804.509,1882.5
2024-12-02 09:34:00+00:00,1806.1968,1882.15
2024-12-02 09:35:00+00:00,1806.1416,1881.05
2024-12-02 09:36:00+00:00,1806.4219,1880.0
2024-12-02 09:37:00+00:00,1805.6989,1879.85
2024-12-02 09:38:00+00:00,1805.7141,1880.5
2024-12-02 09:39:00+00:00,1806.6084,1880.55
2024-12-02 09:40:00+00:00,1806.5663,1879.45
2024-12-02 09:41:00+00:00,1805.9889,1879.9
2024-12-02 09:42:00+00:00,1805.8221,1879.8
2024-12-02 09:43:00+00:00,1805.5679,1879.75
2024-12-02 09:44:00+00:00,1806.2477,1879.9
2024-12-02 09:45:00+00:00,1805.5155,1879.85
2024-12-02 09:46:00+00:00,1804.7767,1879.85
2024-12-02 09:47:00+00:00,1804.6003,1879.75
2024-12-02 09:48:00+00:00,1802.2766,1879.3
2024-12-02 09:49:00+00:00,1801.9375,1878.85
2024-12-02 09:50:00+00:00,1801.9066,1879.85
2024-12-02 09:51:00+00:00,1804.6653,1879.1
2024-12-02 09:52:00+00:00,1804.1011,1879.65
2024-12-02 09:53:00+00:00,1803.9028,1879.35
2024-12-02 09:54:00+00:00,1803.3635,1879.05
2024-12-02 09:55:00+00:00,1802.9666,1879.2
2024-12-02 09:56:00+00:00,1802.26,1877.7
2024-12-02 09:57:00+00:00,1800.9673,1877.1
2024-12-02 09:58:00+00:00,1798.7772,1877.1
2024-12-02 09:59:00+00:00,1798.7026,1887.0
2024-12-03 03:45:00+00:00,1801.0662,1875.75
2024-12-03 03:46:00+00:00,1800.6763,1873.75
2024-12-03 03:47:00+00:00,1796.146,1876.9
2024-12-03 03:48:00+00:00,1798.1106,1873.75
2024-12-03 03:49:00+00:00,1797.4207,1874.7
2024-12-03 03:50:00+00:00,1794.3054,1876.15
2024-12-03 03:51:00+00:00,1795.3124,1876.15
2024-12-03 03:52:00+00:00,1795.3167,1877.5
2024-12-03 03:53:00+00:00,1796.3533,1877.55
2024-12-03 03:54:00+00:00,1796.6755,1878.6
2024-12-03 03:55:00+00:00,1797.3252,1876.7
2024-12-03 03:56:00+00:00,1797.9443,1873.25
2024-12-03 03:57:00+00:00,1794.9567,1873.0
2024-12-03 03:58:00+00:00,1792.4983,1872.25
2024-12-03 03:59:00+00:00,1789.9845,1875.85
2024-12-03 04:00:00+00:00,1790.7637,1879.9
2024-12-03 04:01:00+00:00,1795.7332,1879.65
2024-12-03 04:02:00+00:00,1798.2396,1879.1
2024-12-03 04:03:00+00:00,1799.9355,1878.75
2024-12-03 04:04:00+00:00,1799.5127,1878.55
2024-12-03 04:05:00+00:00,1798.1865,1877.0
2024-12-03 04:06:00+00:00,1797.3347,1877.55
2024-12-03 04:07:00+00:00,1796.2434,1877.05
2024-12-03 04:08:00+00:00,1796.3137,1876.7
2024-12-03 04:09:00+00:00,1795.3087,1878.0
2024-12-03 04:10:00+00:00,1796.349,1879.6
2024-12-03 04:11:00+00:00,1798.9226,1880.5
2024-12-03 04:12:00+00:00,1801.155,1881.7
2024-12-03 04:13:00+00:00,1802.1083,1881.9
2024-12-03 04:14:00+00:00,1803.6292,1885.1
2024-12-03 04:15:00+00:00,1804.5936,1884.8
2024-12-03 04:16:00+00:00,1807.7411,1884.35
2024-12-03 04:17:00+00:00,1808.4847,1884.95
2024-12-03 04:18:00+00:00,1808.8496,1886.3
2024-12-03 04:19:00+00:00,1810.3373,1887.85
2024-12-03 04:20:00+00:00,1811.8702,1886.6
2024-12-03 04:21:00+00:00,1811.9185,1889.35
2024-12-03 04:22:00+00:00,1813.2122,1886.55
2024-12-03 04:23:00+00:00,1813.82,1885.95
2024-12-03 04:24:00+00:00,1812.4266,1884.35
2024-12-03 04:25:00+00:00,1811.6499,1882.85
2024-12-03 04:26:00+00:00,1810.9634,1883.1
2024-12-03 04:27:00+00:00,1810.4851,1882.95
2024-12-03 04:28:00+00:00,1810.1931,1882.55
2024-12-03 04:29:00+00:00,1809.154,1883.1
2024-12-03 04:30:00+00:00,1808.8743,1884.45
2024-12-03 04:31:00+00:00,1809.9061,1882.75
2024-12-03 04:32:00+00:00,1809.5217,1884.0
2024-12-03 04:33:00+00:00,1809.1733,1885.05
2024-12-03 04:34:00+00:00,1809.5593,1884.3
2024-12-03 04:35:00+00:00,1810.3245,1884.15
2024-12-03 04:36:00+00:00,1808.529,1884.55
2024-12-03 04:37:00+00:00,1809.0691,1884.95
2024-12-03 04:38:00+00:00,1809.9614,1884.55
2024-12-03 04:39:00+00:00,1810.2227,1884.4
2024-12-03 04:40:00+00:00,1810.3726,1884.05
2024-12-03 04:41:00+00:00,1809.9243,1884.1
2024-12-03 04:42:00+00:00,1809.7052,1884.15
2024-12-03 04:43:00+00:00,1809.6146,1881.95
2024-12-03 04:44:00+00:00,1807.9481,1882.25
2024-12-03 04:45:00+00:00,1807.154,1881.7
2024-12-03 04:46:00+00:00,1806.2451,1884.6
2024-12-03 04:47:00+00:00,1808.9131,1883.8
2024-12-03 04:48:00+00:00,1807.4951,1884.55
2024-12-03 04:49:00+00:00,1807.3533,1884.7
2024-12-03 04:50:00+00:00,1808.2251,1885.0
2024-12-03 04:51:00+00:00,1807.9613,1884.0
2024-12-03 04:52:00+00:00,1807.4778,1884.7
2024-12-03 04:53:00+00:00,1807.3392,1886.15
2024-12-03 04:54:00+00:00,1807.7991,1886.0
2024-12-03 04:55:00+00:00,1809.2795,1886.2
2024-12-03 04:56:00+00:00,1808.9305,1886.5
2024-12-03 04:57:00+00:00,1809.9675,1886.25
2024-12-03 04:58:00+00:00,1811.105,1887.9
2024-12-03 04:59:00+00:00,1811.5835,1890.0
2024-12-03 05:00:00+00:00,1813.2615,1890.0
2024-12-03 05:01:00+00:00,1813.4954,1889.75
2024-12-03 05:02:00+00:00,1813.8611,1888.95
2024-12-03 05:03:00+00:00,1814.2472,1887.3
2024-12-03 05:04:00+00:00,1812.5391,1887.0
2024-12-03 05:05:00+00:00,1812.3242,1888.55
2024-12-03 05:06:00+00:00,1813.0437,1888.85
2024-12-03 05:07:00+00:00,1813.695,1889.9
2024-12-03 05:08:00+00:00,1813.8674,1891.3
2024-12-03 05:09:00+00:00,1814.8333,1890.75
2024-12-03 05:10:00+00:00,1815.3958,1889.9
2024-12-03 05:11:00+00:00,1814.9552,1889.95
2024-12-03 05:12:00+00:00,1814.8206,1890.05
2024-12-03 05:13:00+00:00,1814.9141,1890.3
2024-12-03 05:14:00+00:00,1814.2483,1890.65
2024-12-03 05:15:00+00:00,1814.8899,1890.7
2024-12-03 05:16:00+00:00,1815.2556,1889.45
2024-12-03 05:17:00+00:00,1814.7507,1889.25
2024-12-03 05:18:00+00:00,1815.1443,1889.3
2024-12-03 05:19:00+00:00,1815.1473,1890.0
2024-12-03 05:20:00+00:00,1814.7046,1889.25
2024-12-03 05:21:00+00:00,1814.9373,1888.95
2024-12-03 05:22:00+00:00,1813.7548,1888.4
2024-12-03 05:23:00+00:00,1811.8505,1888.5
2024-12-03 05:24:00+00:00,1812.2761,1889.5
2024-12-03 05:25:00+00:00,1813.6655,1889.5
2024-12-03 05:26:00+00:00,1813.0593,1889.5
2024-12-03 05:27:00+00:00,1813.2307,1889.5
2024-12-03 05:28:00+00:00,1813.3962,1890.05
2024-12-03 05:29:00+00:00,1814.0654,1889.5
2024-12-03 05:30:00+00:00,1814.4393,1890.5
2024-12-03 05:31:00+00:00,1814.4734,1890.2
2024-12-03 05:32:00+00:00,1815.242,1890.65
2024-12-03 05:33:00+00:00,1815.3723,1891.15
2024-12-03 05:34:00+00:00,1815.9116,1891.0
2024-12-03 05:35:00+00:00,1815.9259,1891.3
2024-12-03 05:36:00+00:00,1816.3237,1891.3
2024-12-03 05:37:00+00:00,1816.551,1892.25
2024-12-03 05:38:00+00:00,1817.044,1892.5
2024-12-03 05:39:00+00:00,1817.3262,1892.0
2024-12-03 05:40:00+00:00,1816.7104,1892.4
2024-12-03 05:41:00+00:00,1817.5249,1893.0
2024-12-03 05:42:00+00:00,1818.0435,1893.0
2024-12-03 05:43:00+00:00,1817.8717,1892.6
2024-12-03 05:44:00+00:00,1817.8901,1893.0
2024-12-03 05:45:00+00:00,1817.8739,1893.45
2024-12-03 05:46:00+00:00,1818.2488,1894.0
2024-12-03 05:47:00+00:00,1818.3472,1893.6
2024-12-03 05:48:00+00:00,1817.9163,1893.25
2024-12-03 05:49:00+00:00,1818.4208,1894.0
2024-12-03 05:50:00+00:00,1818.1348,1893.85
2024-12-03 05:51:00+00:00,1818.8657,1894.0
2024-12-03 05:52:00+00:00,1818.302,1895.15
2024-12-03 05:53:00+00:00,1822.2454,1895.0
2024-12-03 05:54:00+00:00,1819.8352,1893.05
2024-12-03 05:55:00+00:00,1818.0435,1893.1
2024-12-03 05:56:00+00:00,1818.0276,1892.95
2024-12-03 05:57:00+00:00,1817.9194,1893.05
2024-12-03 05:58:00+00:00,1818.0771,1893.65
2024-12-03 05:59:00+00:00,1818.029,1893.9
2024-12-03 06:00:00+00:00,1818.2207,1893.85
2024-12-03 06:01:00+00:00,1818.2904,1893.75
2024-12-03 06:02:00+00:00,1818.5056,1893.7
2024-12-03 06:03:00+00:00,1818.4863,1894.2
2024-12-03 06:04:00+00:00,1818.2106,1893.4
2024-12-03 06:05:00+00:00,1818.2595,1893.65
2024-12-03 06:06:00+00:00,1818.2728,1893.8
2024-12-03 06:07:00+00:00,1817.874,1893.55
2024-12-03 06:08:00+00:00,1817.5789,1892.05
2024-12-03 06:09:00+00:00,1817.824,1892.25
2024-12-03 06:10:00+00:00,1817.0388,1893.0
2024-12-03 06:11:00+00:00,1817.9424,1892.75
2024-12-03 06:12:00+00:00,1817.9517,1892.9
2024-12-03 06:13:00+00:00,1817.3247,1892.9
2024-12-03 06:14:00+00:00,1817.1353,1892.15
2024-12-03 06:15:00+00:00,1816.7605,1892.95
2024-12-03 06:16:00+00:00,1816.9529,1893.0
2024-12-03 06:17:00+00:00,1817.3588,1892.9
2024-12-03 06:18:00+00:00,1817.2756,1892.95
2024-12-03 06:19:00+00:00,1817.3602,1892.95
2024-12-03 06:20:00+00:00,1817.0813,1892.05
2024-12-03 06:21:00+00:00,1815.8994,1892.9
2024-12-03 06:22:00+00:00,1816.4446,1894.85
2024-12-03 06:23:00+00:00,1821.9905,1895.5
2024-12-03 06:24:00+00:00,1819.2329,1895.05
2024-12-03 06:25:00+00:00,1818.6555,1896.05
2024-12-03 06:26:00+00:00,1820.0745,1896.6
2024-12-03 06:27:00+00:00,1820.7781,1896.2
2024-12-03 06:28:00+00:00,1820.7449,1896.25
2024-12-03 06:29:00+00:00,1820.9978,1896.3
2024-12-03 06:30:00+00:00,1821.1703,1896.0
2024-12-03 06:31:00+00:00,1821.5372,1896.05
2024-12-03 06:32:00+00:00,1821.0442,1895.9
2024-12-03 06:33:00+00:00,1820.8251,1895.7
2024-12-03 06:34:00+00:00,1820.7632,1894.85
2024-12-03 06:35:00+00:00,1819.9204,1894.65
2024-12-03 06:36:00+00:00,1820.2766,1896.0
2024-12-03 06:37:00+00:00,1820.4232,1895.55
2024-12-03 06:38:00+00:00,1820.6542,1896.25
2024-12-03 06:39:00+00:00,1820.3593,1896.0
2024-12-03 06:40:00+00:00,1820.0731,1895.4
2024-12-03 06:41:00+00:00,1818.9993,1895.2
2024-12-03 06:42:00+00:00,1819.6692,1895.65
2024-12-03 06:43:00+00:00,1820.0156,1895.6
2024-12-03 06:44:00+00:00,1820.018,1896.0
2024-12-03 06:45:00+00:00,1819.7256,1896.45
2024-12-03 06:46:00+00:00,1820.6223,1896.45
2024-12-03 06:47:00+00:00,1820.9203,1896.85
2024-12-03 06:48:00+00:00,1820.8501,1896.35
2024-12-03 06:49:00+00:00,1820.4995,1896.45
2024-12-03 06:50:00+00:00,1821.2617,1896.2
2024-12-03 06:51:00+00:00,1820.4113,1896.3
2024-12-03 06:52:00+00:00,1820.4563,1895.2
2024-12-03 06:53:00+00:00,1820.1266,1894.5
2024-12-03 06:54:00+00:00,1819.2291,1893.4
2024-12-03 06:55:00+00:00,1818.6401,1892.75
2024-12-03 06:56:00+00:00,1818.2526,1892.5
2024-12-03 06:57:00+00:00,1817.678,1891.6
2024-12-03 06:58:00+00:00,1816.6593,1892.25
2024-12-03 06:59:00+00:00,1816.9568,1892.25
2024-12-03 07:00:00+00:00,1816.4033,1890.85
2024-12-03 07:01:00+00:00,1816.083,1891.85
2024-12-03 07:02:00+00:00,1816.2378,1890.95
2024-12-03 07:03:00+00:00,1816.2402,1891.65
2024-12-03 07:04:00+00:00,1815.3167,1890.65
2024-12-03 07:05:00+00:00,1815.2437,1891.25
2024-12-03 07:06:00+00:00,1814.7446,1890.8
2024-12-03 07:07:00+00:00,1814.406,1891.5
2024-12-03 07:08:00+00:00,1814.9805,1891.6
2024-12-03 07:09:00+00:00,1815.2747,1891.15
2024-12-03 07:10:00+00:00,1814.4506,1892.8
2024-12-03 07:11:00+00:00,1815.3319,1893.05
2024-12-03 07:12:00+00:00,1816.0677,1893.0
2024-12-03 07:13:00+00:00,1815.7109,1892.55
2024-12-03 07:14:00+00:00,1815.8064,1893.0
2024-12-03 07:15:00+00:00,1816.1271,1893.4
2024-12-03 07:16:00+00:00,1815.9124,1893.45
2024-12-03 07:17:00+00:00,1816.6833,1892.45
2024-12-03 07:18:00+00:00,1815.4802,1892.5
2024-12-03 07:19:00+00:00,1816.2971,1891.9
2024-12-03 07:20:00+00:00,1815.7272,1890.35
2024-12-03 07:21:00+00:00,1815.0527,1889.95
2024-12-03 07:22:00+00:00,1813.0178,1889.4
2024-12-03 07:23:00+00:00,1812.4421,1889.1
2024-12-03 07:24:00+00:00,1813.1259,1890.0
2024-12-03 07:25:00+00:00,1812.2169,1890.55
2024-12-03 07:26:00+00:00,1812.4867,1889.95
2024-12-03 07:27:00+00:00,1812.5526,1889.6
2024-12-03 07:28:00+00:00,1812.1096,1889.15
2024-12-03 07:29:00+00:00,1811.1254,1888.5
2024-12-03 07:30:00+00:00,1811.1746,1888.7
2024-12-03 07:31:00+00:00,1810.4886,1887.8
2024-12-03 07:32:00+00:00,1809.9988,1887.75
2024-12-03 07:33:00+00:00,1810.1075,1887.7
2024-12-03 07:34:00+00:00,1809.8059,1887.0
2024-12-03 07:35:00+00:00,1809.0298,1886.2
2024-12-03 07:36:00+00:00,1809.0093,1887.6
2024-12-03 07:37:00+00:00,1808.8918,1886.4
2024-12-03 07:38:00+00:00,1808.6852,1886.55
2024-12-03 07:39:00+00:00,1807.3835,1886.4
2024-12-03 07:40:00+00:00,1806.9149,1886.4
2024-12-03 07:41:00+00:00,1806.6362,1886.75
2024-12-03 07:42:00+00:00,1807.0818,1886.5
2024-12-03 07:43:00+00:00,1806.4438,1886.75
2024-12-03 07:44:00+00:00,1807.6687,1886.5
2024-12-03 07:45:00+00:00,1807.5273,1886.8
2024-12-03 07:46:00+00:00,1807.9016,1886.55
2024-12-03 07:47:00+00:00,1807.2896,1885.1
2024-12-03 07:48:00+00:00,1806.7927,1884.8
2024-12-03 07:49:00+00:00,1806.0508,1885.6
2024-12-03 07:50:00+00:00,1806.3401,1886.0
2024-12-03 07:51:00+00:00,1805.8365,1885.9
2024-12-03 07:52:00+00:00,1806.3374,1886.75
2024-12-03 07:53:00+00:00,1807.013,1887.0
2024-12-03 07:54:00+00:00,1807.8728,1886.8
2024-12-03 07:55:00+00:00,1807.5739,1886.5
2024-12-03 07:56:00+00:00,1807.3491,1886.05
2024-12-03 07:57:00+00:00,1807.3473,1888.0
2024-12-03 07:58:00+00:00,1807.531,1888.4
2024-12-03 07:59:00+00:00,1809.2673,1886.45
2024-12-03 08:00:00+00:00,1808.6787,1887.75
2024-12-03 08:01:00+00:00,1808.4304,1887.2
2024-12-03 08:02:00+00:00,1808.9807,1888.4
2024-12-03 08:03:00+00:00,1809.9663,1890.35
2024-12-03 08:04:00+00:00,1811.1509,1890.4
2024-12-03 08:05:00+00:00,1811.8978,1891.3
2024-12-03 08:06:00+00:00,1812.7415,1890.7
2024-12-03 08:07:00+00:00,1812.9819,1890.5
2024-12-03 08:08:00+00:00,1812.7703,1890.8
2024-12-03 08:09:00+00:00,1813.2474,1890.9
2024-12-03 08:10:00+00:00,1813.8123,1891.75
2024-12-03 08:11:00+00:00,1813.9263,1892.9
2024-12-03 08:12:00+00:00,1815.015,1893.3
2024-12-03 08:13:00+00:00,1815.4648,1893.8
2024-12-03 08:14:00+00:00,1816.6458,1892.6
2024-12-03 08:15:00+00:00,1815.9539,1893.3
2024-12-03 08:16:00+00:00,1816.7731,1892.85
2024-12-03 08:17:00+00:00,1817.1421,1893.2
2024-12-03 08:18:00+00:00,1816.8137,1893.6
2024-12-03 08:19:00+00:00,1817.151,1893.45
2024-12-03 08:20:00+00:00,1816.9264,1893.95
2024-12-03 08:21:00+00:00,1817.545,1893.5
2024-12-03 08:22:00+00:00,1817.4119,1893.4
2024-12-03 08:23:00+00:00,1818.0654,1893.65
2024-12-03 08:24:00+00:00,1818.061,1895.0
2024-12-03 08:25:00+00:00,1818.5837,1895.05
2024-12-03 08:26:00+00:00,1818.876,1894.35
2024-12-03 08:27:00+00:00,1818.741,1894.5
2024-12-03 08:28:00+00:00,1818.4833,1894.4
2024-12-03 08:29:00+00:00,1819.0488,1894.1
2024-12-03 08:30:00+00:00,1818.6377,1894.65
2024-12-03 08:31:00+00:00,1818.8188,1894.3
2024-12-03 08:32:00+00:00,1818.7361,1895.85
2024-12-03 08:33:00+00:00,1819.2485,1894.3
2024-12-03 08:34:00+00:00,1819.6135,1894.3
2024-12-03 08:35:00+00:00,1818.6371,1893.9
2024-12-03 08:36:00+00:00,1817.8389,1892.55
2024-12-03 08:37:00+00:00,1818.2634,1892.7
2024-12-03 08:38:00+00:00,1818.3943,1891.95
2024-12-03 08:39:00+00:00,1817.2632,1892.95
2024-12-03 08:40:00+00:00,1817.0952,1892.95
2024-12-03 08:41:00+00:00,1817.5538,1893.3
2024-12-03 08:42:00+00:00,1817.3728,1892.75
2024-12-03 08:43:00+00:00,1817.4833,1892.6
2024-12-03 08:44:00+00:00,1817.521,1892.8
2024-12-03 08:45:00+00:00,1817.1411,1893.35
2024-12-03 08:46:00+00:00,1817.3691,1894.55
2024-12-03 08:47:00+00:00,1817.6881,1895.6
2024-12-03 08:48:00+00:00,1819.259,1895.25
2024-12-03 08:49:00+00:00,1819.1285,1895.5
2024-12-03 08:50:00+00:00,1819.3608,1895.15
2024-12-03 08:51:00+00:00,1819.9045,1895.05
2024-12-03 08:52:00+00:00,1819.3323,1895.1
2024-12-03 08:53:00+00:00,1820.1414,1895.35
2024-12-03 08:54:00+00:00,1819.9968,1894.6
2024-12-03 08:55:00+00:00,1819.7285,1894.7
2024-12-03 08:56:00+00:00,1819.6777,1894.4
2024-12-03 08:57:00+00:00,1818.8735,1894.65
2024-12-03 08:58:00+00:00,1819.4675,1894.7
2024-12-03 08:59:00+00:00,1819.8533,1895.0
2024-12-03 09:00:00+00:00,1819.6783,1894.85
2024-12-03 09:01:00+00:00,1819.2499,1894.75
2024-12-03 09:02:00+00:00,1818.8057,1894.8
2024-12-03 09:03:00+00:00,1818.9124,1894.7
2024-12-03 09:04:00+00:00,1818.8503,1893.65
2024-12-03 09:05:00+00:00,1818.4841,1893.35
2024-12-03 09:06:00+00:00,1817.9958,1893.65
2024-12-03 09:07:00+00:00,1817.7155,1893.25
2024-12-03 09:08:00+00:00,1818.2737,1893.75
2024-12-03 09:09:00+00:00,1818.4539,1894.0
2024-12-03 09:10:00+00:00,1818.3104,1895.3
2024-12-03 09:11:00+00:00,1819.6553,1898.0
2024-12-03 09:12:00+00:00,1822.3254,1896.65
2024-12-03 09:13:00+00:00,1822.6184,1895.55
2024-12-03 09:14:00+00:00,1820.212,1894.5
2024-12-03 09:15:00+00:00,1819.7423,1894.85
2024-12-03 09:16:00+00:00,1820.0774,1894.3
2024-12-03 09:17:00+00:00,1819.2354,1894.4
2024-12-03 09:18:00+00:00,1819.6846,1894.65
2024-12-03 09:19:00+00:00,1820.1301,1894.6
2024-12-03 09:20:00+00:00,1820.2493,1894.25
2024-12-03 09:21:00+00:00,1819.9314,1894.9
2024-12-03 09:22:00+00:00,1819.9418,1893.95
2024-12-03 09:23:00+00:00,1819.3468,1893.0
2024-12-03 09:24:00+00:00,1818.6506,1893.15
2024-12-03 09:25:00+00:00,1818.6886,1892.4
2024-12-03 09:26:00+00:00,1817.4543,1892.0
2024-12-03 09:27:00+00:00,1817.3893,1890.5
2024-12-03 09:28:00+00:00,1816.1997,1891.8
2024-12-03 09:29:00+00:00,1817.0868,1891.6
2024-12-03 09:30:00+00:00,1817.6245,1890.8
2024-12-03 09:31:00+00:00,1817.9014,1892.85
2024-12-03 09:32:00+00:00,1817.4937,1891.65
2024-12-03 09:33:00+00:00,1818.0796,1891.2
2024-12-03 09:34:00+00:00,1816.8649,1891.5
2024-12-03 09:35:00+00:00,1816.7537,1890.5
2024-12-03 09:36:00+00:00,1816.0009,1890.2
2024-12-03 09:37:00+00:00,1815.9264,1890.4
2024-12-03 09:38:00+00:00,1815.896,1890.95
2024-12-03 09:39:00+00:00,1815.3408,1893.7
2024-12-03 09:40:00+00:00,1818.31,1892.45
2024-12-03 09:41:00+00:00,1818.3677,1892.6
2024-12-03 09:42:00+00:00,1818.0527,1893.6
2024-12-03 09:43:00+00:00,1817.5623,1892.45
2024-12-03 09:44:00+00:00,1817.9446,1892.95
2024-12-03 09:45:00+00:00,1817.6693,1892.3
2024-12-03 09:46:00+00:00,1817.3634,1892.55
2024-12-03 09:47:00+00:00,1817.3425,1892.75
2024-12-03 09:48:00+00:00,1817.9178,1891.6
2024-12-03 09:49:00+00:00,1817.1653,1891.05
2024-12-03 09:50:00+00:00,1817.2302,1890.9
2024-12-03 09:51:00+00:00,1816.5891,1891.4
2024-12-03 09:52:00+00:00,1816.9272,1890.55
2024-12-03 09:53:00+00:00,1816.8617,1890.6
2024-12-03 09:54:00+00:00,1815.5356,1891.05
2024-12-03 09:55:00+00:00,1815.9574,1891.7
2024-12-03 09:56:00+00:00,1816.3838,1892.3
2024-12-03 09:57:00+00:00,1816.4297,1891.1
2024-12-03 09:58:00+00:00,1816.2517,1888.1
2024-12-03 09:59:00+00:00,1815.1003,1882.9
2024-12-04 03:45:00+00:00,1814.7733,1879.9
2024-12-04 03:46:00+00:00,1808.3654,1883.1
2024-12-04 03:47:00+00:00,1809.6096,1888.65
2024-12-04 03:48:00+00:00,1811.5548,1898.4
2024-12-04 03:49:00+00:00,1815.296,1899.85
2024-12-04 03:50:00+00:00,1820.844,1897.85
2024-12-04 03:51:00+00:00,1821.8871,1900.85
2024-12-04 03:52:00+00:00,1821.6497,1900.7
2024-12-04 03:53:00+00:00,1823.9707,1899.85
2024-12-04 03:54:00+00:00,1823.1467,1902.6
2024-12-04 03:55:00+00:00,1824.7195,1898.95
2024-12-04 03:56:00+00:00,1826.7805,1904.55
2024-12-04 03:57:00+00:00,1826.1921,1906.0
2024-12-04 03:58:00+00:00,1830.5297,1904.25
2024-12-04 03:59:00+00:00,1832.1636,1903.65
2024-12-04 04:00:00+00:00,1831.7821,1903.2
2024-12-04 04:01:00+00:00,1833.6064,1905.05
2024-12-04 04:02:00+00:00,1834.902,1905.85
2024-12-04 04:03:00+00:00,1836.3884,1907.55
2024-12-04 04:04:00+00:00,1838.4043,1908.15
2024-12-04 04:05:00+00:00,1842.0927,1908.9
2024-12-04 04:06:00+00:00,1842.4995,1907.75
2024-12-04 04:07:00+00:00,1844.3503,1908.1
2024-12-04 04:08:00+00:00,1844.1808,1909.35
2024-12-04 04:09:00+00:00,1845.7515,1908.4
2024-12-04 04:10:00+00:00,1848.8931,1908.75
2024-12-04 04:11:00+00:00,1848.8833,1905.75
2024-12-04 04:12:00+00:00,1848.353,1908.45
2024-12-04 04:13:00+00:00,1846.7449,1909.15
2024-12-04 04:14:00+00:00,1849.0547,1910.45
2024-12-04 04:15:00+00:00,1850.7014,1909.3
2024-12-04 04:16:00+00:00,1852.1157,1907.55
2024-12-04 04:17:00+00:00,1849.2382,1908.9
2024-12-04 04:18:00+00:00,1849.012,1910.55
2024-12-04 04:19:00+00:00,1848.5057,1907.7
2024-12-04 04:20:00+00:00,1850.1077,1909.95
2024-12-04 04:21:00+00:00,1848.437,1909.85
2024-12-04 04:22:00+00:00,1852.3104,1909.0
2024-12-04 04:23:00+00:00,1850.1208,1908.9
2024-12-04 04:24:00+00:00,1852.3113,1908.1
2024-12-04 04:25:00+00:00,1852.0991,1909.5
2024-12-04 04:26:00+00:00,1853.0,1909.45
2024-12-04 04:27:00+00:00,1853.4451,1908.55
2024-12-04 04:28:00+00:00,1850.094,1907.6
2024-12-04 04:29:00+00:00,1850.5071,1909.0
2024-12-04 04:30:00+00:00,1851.5403,1910.2
2024-12-04 04:31:00+00:00,1854.0221,1909.65
2024-12-04 04:32:00+00:00,1854.4666,1909.55
2024-12-04 04:33:00+00:00,1852.4471,1909.85
2024-12-04 04:34:00+00:00,1853.4829,1909.45
2024-12-04 04:35:00+00:00,1852.4979,1909.35
2024-12-04 04:36:00+00:00,1852.2078,1910.25
2024-12-04 04:37:00+00:00,1853.257,1910.35
2024-12-04 04:38:00+00:00,1855.259,1909.5
2024-12-04 04:39:00+00:00,1852.4598,1909.6
2024-12-04 04:40:00+00:00,1852.3948,1909.8
2024-12-04 04:41:00+00:00,1851.6489,1908.95
2024-12-04 04:42:00+00:00,1851.3131,1906.4
2024-12-04 04:43:00+00:00,1847.813,1907.05
2024-12-04 04:44:00+00:00,1848.5605,1907.4
2024-12-04 04:45:00+00:00,1847.6671,1908.8
2024-12-04 04:46:00+00:00,1849.0864,1909.4
2024-12-04 04:47:00+00:00,1850.719,1909.0
2024-12-04 04:48:00+00:00,1852.4556,1909.4
2024-12-04 04:49:00+00:00,1852.5691,1908.55
2024-12-04 04:50:00+00:00,1852.5747,1909.55
2024-12-04 04:51:00+00:00,1851.8683,1908.3
2024-12-04 04:52:00+00:00,1852.0197,1909.05
2024-12-04 04:53:00+00:00,1852.2535,1911.75
2024-12-04 04:54:00+00:00,1855.6741,1912.2
2024-12-04 04:55:00+00:00,1859.0334,1912.95
2024-12-04 04:56:00+00:00,1859.4597,1911.6
2024-12-04 04:57:00+00:00,1858.8934,1911.25
2024-12-04 04:58:00+00:00,1858.6001,1910.4
2024-12-04 04:59:00+00:00,1856.8334,1910.45
2024-12-04 05:00:00+00:00,1857.0178,1910.95
2024-12-04 05:01:00+00:00,1857.0425,1910.35
2024-12-04 05:02:00+00:00,1858.573,1909.8
2024-12-04 05:03:00+00:00,1857.8113,1910.5
2024-12-04 05:04:00+00:00,1858.8921,1909.7
2024-12-04 05:05:00+00:00,1857.8977,1908.45
2024-12-04 05:06:00+00:00,1856.263,1907.6
2024-12-04 05:07:00+00:00,1853.705,1906.05
2024-12-04 05:08:00+00:00,1852.2788,1904.9
2024-12-04 05:09:00+00:00,1850.357,1904.95
2024-12-04 05:10:00+00:00,1848.5984,1905.0
2024-12-04 05:11:00+00:00,1848.9203,1905.95
2024-12-04 05:12:00+00:00,1849.2311,1905.6
2024-12-04 05:13:00+00:00,1848.9438,1905.7
2024-12-04 05:14:00+00:00,1849.0085,1905.25
2024-12-04 05:15:00+00:00,1849.0425,1903.05
2024-12-04 05:16:00+00:00,1847.2512,1902.9
2024-12-04 05:17:00+00:00,1844.9822,1903.4
2024-12-04 05:18:00+00:00,1843.5891,1901.8
2024-12-04 05:19:00+00:00,1843.6361,1902.95
2024-12-04 05:20:00+00:00,1841.5972,1902.75
2024-12-04 05:21:00+00:00,1841.5332,1902.0
2024-12-04 05:22:00+00:00,1841.2468,1901.55
2024-12-04 05:23:00+00:00,1838.19,1900.45
2024-12-04 05:24:00+00:00,1839.1086,1900.0
2024-12-04 05:25:00+00:00,1837.0642,1900.0
2024-12-04 05:26:00+00:00,1833.8368,1900.0
2024-12-04 05:27:00+00:00,1832.992,1900.0
2024-12-04 05:28:00+00:00,1833.2749,1899.0
2024-12-04 05:29:00+00:00,1831.7671,1899.45
2024-12-04 05:30:00+00:00,1833.2788,1900.0
2024-12-04 05:31:00+00:00,1833.5934,1899.55
2024-12-04 05:32:00+00:00,1831.0125,1899.8
2024-12-04 05:33:00+00:00,1832.6489,1899.95
2024-12-04 05:34:00+00:00,1832.7996,1899.2
2024-12-04 05:35:00+00:00,1832.5037,1899.85
2024-12-04 05:36:00+00:00,1832.0411,1899.45
2024-12-04 05:37:00+00:00,1832.0249,1899.0
2024-12-04 05:38:00+00:00,1831.383,1900.0
2024-12-04 05:39:00+00:00,1832.9312,1899.5
2024-12-04 05:40:00+00:00,1831.5862,1900.15
2024-12-04 05:41:00+00:00,1833.6212,1900.2
2024-12-04 05:42:00+00:00,1833.3737,1900.0
2024-12-04 05:43:00+00:00,1833.0198,1897.95
2024-12-04 05:44:00+00:00,1831.083,1896.55
2024-12-04 05:45:00+00:00,1828.6484,1897.6
2024-12-04 05:46:00+00:00,1828.3408,1897.4
2024-12-04 05:47:00+00:00,1828.9331,1896.8
2024-12-04 05:48:00+00:00,1828.3915,1898.1
2024-12-04 05:49:00+00:00,1828.019,1899.6
2024-12-04 05:50:00+00:00,1830.1658,1898.9
2024-12-04 05:51:00+00:00,1830.9724,1899.9
2024-12-04 05:52:00+00:00,1830.7974,1897.8
2024-12-04 05:53:00+00:00,1830.4868,1896.1
2024-12-04 05:54:00+00:00,1828.5574,1896.7
2024-12-04 05:55:00+00:00,1826.8994,1894.45
2024-12-04 05:56:00+00:00,1826.9264,1895.75
2024-12-04 05:57:00+00:00,1825.7761,1895.4
2024-12-04 05:58:00+00:00,1826.3826,1895.9
2024-12-04 05:59:00+00:00,1826.5509,1896.65
2024-12-04 06:00:00+00:00,1827.3213,1897.3
2024-12-04 06:01:00+00:00,1827.9219,1896.3
2024-12-04 06:02:00+00:00,1828.2546,1896.95
2024-12-04 06:03:00+00:00,1827.1504,1896.15
2024-12-04 06:04:00+00:00,1827.0195,1896.65
2024-12-04 06:05:00+00:00,1826.6667,1897.0
2024-12-04 06:06:00+00:00,1826.5352,1898.0
2024-12-04 06:07:00+00:00,1827.6458,1898.25
2024-12-04 06:08:00+00:00,1829.52,1897.3
2024-12-04 06:09:00+00:00,1829.3774,1896.75
2024-12-04 06:10:00+00:00,1828.7856,1897.0
2024-12-04 06:11:00+00:00,1827.4028,1895.55
2024-12-04 06:12:00+00:00,1826.9456,1897.45
2024-12-04 06:13:00+00:00,1826.9252,1897.55
2024-12-04 06:14:00+00:00,1828.0422,1898.0
2024-12-04 06:15:00+00:00,1828.4103,1897.1
2024-12-04 06:16:00+00:00,1828.9114,1897.25
2024-12-04 06:17:00+00:00,1827.9523,1896.75
2024-12-04 06:18:00+00:00,1827.7278,1895.95
2024-12-04 06:19:00+00:00,1826.9856,1896.1
2024-12-04 06:20:00+00:00,1826.5557,1896.45
2024-12-04 06:21:00+00:00,1826.032,1896.3
2024-12-04 06:22:00+00:00,1825.854,1896.6
2024-12-04 06:23:00+00:00,1825.9421,1897.15
2024-12-04 06:24:00+00:00,1826.7578,1897.4
2024-12-04 06:25:00+00:00,1827.1775,1890.4
2024-12-04 06:26:00+00:00,1825.9612,1886.0
2024-12-04 06:27:00+00:00,1820.5651,1879.2
2024-12-04 06:28:00+00:00,1816.4281,1882.3
2024-12-04 06:29:00+00:00,1814.7361,1883.65
2024-12-04 06:30:00+00:00,1815.4333,1882.15
2024-12-04 06:31:00+00:00,1815.9026,1881.25
2024-12-04 06:32:00+00:00,1814.2092,1881.75
2024-12-04 06:33:00+00:00,1813.0188,1882.7
2024-12-04 06:34:00+00:00,1812.7549,1885.15
2024-12-04 06:35:00+00:00,1813.095,1886.75
2024-12-04 06:36:00+00:00,1814.0847,1883.1
2024-12-04 06:37:00+00:00,1813.2139,1884.65
2024-12-04 06:38:00+00:00,1810.9886,1888.85
2024-12-04 06:39:00+00:00,1813.9722,1887.8
2024-12-04 06:40:00+00:00,1814.5261,1887.6
2024-12-04 06:41:00+00:00,1813.6587,1887.7
2024-12-04 06:42:00+00:00,1815.866,1887.2
2024-12-04 06:43:00+00:00,1814.7632,1887.7
2024-12-04 06:44:00+00:00,1813.1426,1888.1
2024-12-04 06:45:00+00:00,1813.538,1888.5
2024-12-04 06:46:00+00:00,1813.8892,1888.4
2024-12-04 06:47:00+00:00,1814.5962,1887.95
2024-12-04 06:48:00+00:00,1814.0997,1885.2
2024-12-04 06:49:00+00:00,1811.576,1887.4
2024-12-04 06:50:00+00:00,1811.3435,1888.5
2024-12-04 06:51:00+00:00,1813.6853,1891.45
2024-12-04 06:52:00+00:00,1815.363,1891.4
2024-12-04 06:53:00+00:00,1817.1802,1893.65
2024-12-04 06:54:00+00:00,1817.9927,1892.8
2024-12-04 06:55:00+00:00,1819.8889,1893.95
2024-12-04 06:56:00+00:00,1819.823,1892.4
2024-12-04 06:57:00+00:00,1819.3618,1893.45
2024-12-04 06:58:00+00:00,1819.8025,1894.15
2024-12-04 06:59:00+00:00,1820.9839,1894.25
2024-12-04 07:00:00+00:00,1821.6953,1890.95
2024-12-04 07:01:00+00:00,1821.1667,1891.6
2024-12-04 07:02:00+00:00,1819.2935,1892.9
2024-12-04 07:03:00+00:00,1820.4355,1893.1
2024-12-04 07:04:00+00:00,1820.9695,1892.55
2024-12-04 07:05:00+00:00,1820.7949,1891.25
2024-12-04 07:06:00+00:00,1820.2056,1891.35
2024-12-04 07:07:00+00:00,1819.584,1891.9
2024-12-04 07:08:00+00:00,1819.2223,1890.7
2024-12-04 07:09:00+00:00,1819.2888,1891.15
2024-12-04 07:10:00+00:00,1818.3442,1890.85
2024-12-04 07:11:00+00:00,1819.4275,1890.9
2024-12-04 07:12:00+00:00,1818.7527,1890.15
2024-12-04 07:13:00+00:00,1818.1475,1889.25
2024-12-04 07:14:00+00:00,1817.4076,1887.55
2024-12-04 07:15:00+00:00,1816.3469,1887.35
2024-12-04 07:16:00+00:00,1816.2158,1887.65
2024-12-04 07:17:00+00:00,1814.7345,1887.15
2024-12-04 07:18:00+00:00,1814.6882,1887.7
2024-12-04 07:19:00+00:00,1814.4636,1888.2
2024-12-04 07:20:00+00:00,1814.2262,1887.3
2024-12-04 07:21:00+00:00,1814.4197,1891.6
2024-12-04 07:22:00+00:00,1815.9055,1891.95
2024-12-04 07:23:00+00:00,1818.0004,1893.1
2024-12-04 07:24:00+00:00,1818.7316,1891.65
2024-12-04 07:25:00+00:00,1817.5992,1890.95
2024-12-04 07:26:00+00:00,1817.7256,1890.65
2024-12-04 07:27:00+00:00,1817.8118,1892.2
2024-12-04 07:28:00+00:00,1818.0966,1891.95
2024-12-04 07:29:00+00:00,1819.562,1891.8
2024-12-04 07:30:00+00:00,1819.5359,1891.45
2024-12-04 07:31:00+00:00,1819.2317,1892.15
2024-12-04 07:32:00+00:00,1819.3597,1891.7
2024-12-04 07:33:00+00:00,1819.5759,1891.95
2024-12-04 07:34:00+00:00,1819.4983,1892.0
2024-12-04 07:35:00+00:00,1820.084,1891.75
2024-12-04 07:36:00+00:00,1818.8735,1892.6
2024-12-04 07:37:00+00:00,1819.2805,1893.25
2024-12-04 07:38:00+00:00,1819.56,1892.8
2024-12-04 07:39:00+00:00,1821.1877,1891.95
2024-12-04 07:40:00+00:00,1821.2352,1893.65
2024-12-04 07:41:00+00:00,1821.2871,1894.45
2024-12-04 07:42:00+00:00,1822.0715,1895.9
2024-12-04 07:43:00+00:00,1823.7075,1896.9
2024-12-04 07:44:00+00:00,1825.3751,1895.3
2024-12-04 07:45:00+00:00,1825.1183,1896.1
2024-12-04 07:46:00+00:00,1824.7988,1896.45
2024-12-04 07:47:00+00:00,1825.5713,1896.15
2024-12-04 07:48:00+00:00,1826.0928,1894.35
2024-12-04 07:49:00+00:00,1825.2379,1895.9
2024-12-04 07:50:00+00:00,1824.5149,1895.15
2024-12-04 07:51:00+00:00,1824.0251,1895.1
2024-12-04 07:52:00+00:00,1824.187,1895.65
2024-12-04 07:53:00+00:00,1824.4237,1893.65
2024-12-04 07:54:00+00:00,1823.2601,1894.45
2024-12-04 07:55:00+00:00,1823.0823,1895.0
2024-12-04 07:56:00+00:00,1824.0564,1895.0
2024-12-04 07:57:00+00:00,1823.551,1895.75
2024-12-04 07:58:00+00:00,1823.1461,1895.4
2024-12-04 07:59:00+00:00,1823.8889,1895.0
2024-12-04 08:00:00+00:00,1823.9138,1895.1
2024-12-04 08:01:00+00:00,1823.8723,1895.9
2024-12-04 08:02:00+00:00,1823.8992,1899.7
2024-12-04 08:03:00+00:00,1827.1218,1899.05
2024-12-04 08:04:00+00:00,1829.4994,1898.5
2024-12-04 08:05:00+00:00,1828.9009,1898.55
2024-12-04 08:06:00+00:00,1828.4753,1899.9
2024-12-04 08:07:00+00:00,1828.7849,1899.9
2024-12-04 08:08:00+00:00,1830.6699,1898.65
2024-12-04 08:09:00+00:00,1830.5366,1899.15
2024-12-04 08:10:00+00:00,1829.78,1899.0
2024-12-04 08:11:00+00:00,1830.7008,1898.4
2024-12-04 08:12:00+00:00,1830.0754,1898.4
2024-12-04 08:13:00+00:00,1829.2913,1899.45
2024-12-04 08:14:00+00:00,1829.6411,1899.9
2024-12-04 08:15:00+00:00,1830.532,1898.85
2024-12-04 08:16:00+00:00,1830.3572,1898.0
2024-12-04 08:17:00+00:00,1828.9235,1898.6
2024-12-04 08:18:00+00:00,1828.3829,1899.6
2024-12-04 08:19:00+00:00,1829.5527,1899.8
2024-12-04 08:20:00+00:00,1830.3022,1899.45
2024-12-04 08:21:00+00:00,1830.1216,1898.05
2024-12-04 08:22:00+00:00,1829.8018,1897.75
2024-12-04 08:23:00+00:00,1828.9832,1898.55
2024-12-04 08:24:00+00:00,1828.5933,1898.5
2024-12-04 08:25:00+00:00,1828.8586,1898.6
2024-12-04 08:26:00+00:00,1829.3192,1898.65
2024-12-04 08:27:00+00:00,1829.426,1898.95
2024-12-04 08:28:00+00:00,1829.425,1899.0
2024-12-04 08:29:00+00:00,1829.4948,1899.0
2024-12-04 08:30:00+00:00,1830.7714,1896.55
2024-12-04 08:31:00+00:00,1829.2583,1895.55
2024-12-04 08:32:00+00:00,1827.4568,1897.15
2024-12-04 08:33:00+00:00,1827.6216,1898.95
2024-12-04 08:34:00+00:00,1828.9557,1898.0
2024-12-04 08:35:00+00:00,1829.4368,1898.0
2024-12-04 08:36:00+00:00,1829.0293,1897.4
2024-12-04 08:37:00+00:00,1829.2118,1899.2
2024-12-04 08:38:00+00:00,1829.4285,1898.95
2024-12-04 08:39:00+00:00,1830.4832,1898.35
2024-12-04 08:40:00+00:00,1829.9512,1898.2
2024-12-04 08:41:00+00:00,1829.4869,1898.05
2024-12-04 08:42:00+00:00,1828.8987,1897.25
2024-12-04 08:43:00+00:00,1828.6567,1898.7
2024-12-04 08:44:00+00:00,1828.5732,1898.7
2024-12-04 08:45:00+00:00,1828.9954,1898.15
2024-12-04 08:46:00+00:00,1830.7351,1897.6
2024-12-04 08:47:00+00:00,1829.4913,1897.05
2024-12-04 08:48:00+00:00,1828.278,1897.5
2024-12-04 08:49:00+00:00,1828.2671,1893.8
2024-12-04 08:50:00+00:00,1827.6628,1889.5
2024-12-04 08:51:00+00:00,1824.4932,1892.25
2024-12-04 08:52:00+00:00,1822.2944,1892.9
2024-12-04 08:53:00+00:00,1823.7765,1891.7
2024-12-04 08:54:00+00:00,1823.7732,1888.35
2024-12-04 08:55:00+00:00,1822.6643,1890.8
2024-12-04 08:56:00+00:00,1821.2516,1891.4
2024-12-04 08:57:00+00:00,1822.6719,1890.9
2024-12-04 08:58:00+00:00,1822.0923,1890.75
2024-12-04 08:59:00+00:00,1821.1437,1892.8
2024-12-04 09:00:00+00:00,1821.4758,1892.8
2024-12-04 09:01:00+00:00,1822.6025,1892.8
2024-12-04 09:02:00+00:00,1822.2394,1890.3
2024-12-04 09:03:00+00:00,1820.5671,1888.2
2024-12-04 09:04:00+00:00,1819.9679,1889.7
2024-12-04 09:05:00+00:00,1819.1462,1890.5
2024-12-04 09:06:00+00:00,1819.238,1890.65
2024-12-04 09:07:00+00:00,1819.4266,1889.05
2024-12-04 09:08:00+00:00,1818.852,1887.0
2024-12-04 09:09:00+00:00,1817.9471,1889.25
2024-12-04 09:10:00+00:00,1816.0244,1889.8
2024-12-04 09:11:00+00:00,1816.9473,1890.4
2024-12-04 09:12:00+00:00,1817.5253,1889.4
2024-12-04 09:13:00+00:00,1817.5427,1889.55
2024-12-04 09:14:00+00:00,1816.1963,1891.65
2024-12-04 09:15:00+00:00,1817.0979,1890.7
2024-12-04 09:16:00+00:00,1817.868,1891.75
2024-12-04 09:17:00+00:00,1817.9478,1891.45
2024-12-04 09:18:00+00:00,1819.1313,1891.0
2024-12-04 09:19:00+00:00,1818.404,1890.05
2024-12-04 09:20:00+00:00,1817.601,1892.0
2024-12-04 09:21:00+00:00,1817.2551,1891.45
2024-12-04 09:22:00+00:00,1818.759,1890.6
2024-12-04 09:23:00+00:00,1819.1448,1891.0
2024-12-04 09:24:00+00:00,1818.45,1888.85
2024-12-04 09:25:00+00:00,1816.8232,1887.6
2024-12-04 09:26:00+00:00,1815.9022,1887.85
2024-12-04 09:27:00+00:00,1815.6311,1888.2
2024-12-04 09:28:00+00:00,1815.4736,1887.35
2024-12-04 09:29:00+00:00,1814.6207,1888.85
2024-12-04 09:30:00+00:00,1814.5146,1890.4
2024-12-04 09:31:00+00:00,1816.9585,1891.2
2024-12-04 09:32:00+00:00,1817.5887,1892.3
2024-12-04 09:33:00+00:00,1818.6057,1893.55
2024-12-04 09:34:00+00:00,1820.0669,1893.4
2024-12-04 09:35:00+00:00,1820.4823,1889.9
2024-12-04 09:36:00+00:00,1818.9122,1888.95
2024-12-04 09:37:00+00:00,1816.822,1888.25
2024-12-04 09:38:00+00:00,1815.9873,1887.25
2024-12-04 09:39:00+00:00,1816.1862,1887.95
2024-12-04 09:40:00+00:00,1816.187,1887.65
2024-12-04 09:41:00+00:00,1816.2139,1887.75
2024-12-04 09:42:00+00:00,1815.7015,1888.55
2024-12-04 09:43:00+00:00,1816.4963,1889.55
2024-12-04 09:44:00+00:00,1816.4014,1888.35
2024-12-04 09:45:00+00:00,1815.0664,1889.0
2024-12-04 09:46:00+00:00,1816.4963,1890.4
2024-12-04 09:47:00+00:00,1815.4758,1888.85
2024-12-04 09:48:00+00:00,1815.677,1889.05
2024-12-04 09:49:00+00:00,1815.7097,1889.8
2024-12-04 09:50:00+00:00,1816.2805,1890.75
2024-12-04 09:51:00+00:00,1817.3417,1890.9
2024-12-04 09:52:00+00:00,1818.0706,1891.2
2024-12-04 09:53:00+00:00,1818.7887,1891.75
2024-12-04 09:54:00+00:00,1818.981,1891.65
2024-12-04 09:55:00+00:00,1818.9358,1889.85
2024-12-04 09:56:00+00:00,1818.155,1889.45
2024-12-04 09:57:00+00:00,1817.1772,1889.45
2024-12-04 09:58:00+00:00,1816.0441,1889.25
2024-12-04 09:59:00+00:00,1817.1143,1905.55
2024-12-05 03:45:00+00:00,1814.687,1910.0
2024-12-05 03:46:00+00:00,1833.6349,1908.5
2024-12-05 03:47:00+00:00,1839.5112,1904.75
2024-12-05 03:48:00+00:00,1836.7158,1910.6
2024-12-05 03:49:00+00:00,1839.1185,1909.6
2024-12-05 03:50:00+00:00,1843.2578,1907.65
2024-12-05 03:51:00+00:00,1847.014,1907.85
2024-12-05 03:52:00+00:00,1847.0095,1905.6
2024-12-05 03:53:00+00:00,1848.4211,1905.5
2024-12-05 03:54:00+00:00,1845.524,1905.8
2024-12-05 03:55:00+00:00,1845.6125,1905.9
2024-12-05 03:56:00+00:00,1847.0521,1904.15
2024-12-05 03:57:00+00:00,1850.3589,1905.0
2024-12-05 03:58:00+00:00,1848.6201,1908.1
2024-12-05 03:59:00+00:00,1849.8772,1911.25
2024-12-05 04:00:00+00:00,1852.8943,1911.9
2024-12-05 04:01:00+00:00,1857.4456,1910.3
2024-12-05 04:02:00+00:00,1860.5303,1911.35
2024-12-05 04:03:00+00:00,1858.6553,1912.6
2024-12-05 04:04:00+00:00,1860.1799,1911.4
2024-12-05 04:05:00+00:00,1859.3455,1914.45
2024-12-05 04:06:00+00:00,1862.2958,1909.55
2024-12-05 04:07:00+00:00,1864.4377,1910.8
2024-12-05 04:08:00+00:00,1860.6509,1906.55
2024-12-05 04:09:00+00:00,1860.1294,1906.15
2024-12-05 04:10:00+00:00,1856.0005,1907.3
2024-12-05 04:11:00+00:00,1856.7861,1906.65
2024-12-05 04:12:00+00:00,1858.0234,1906.05
2024-12-05 04:13:00+00:00,1856.6831,1904.45
2024-12-05 04:14:00+00:00,1855.3793,1903.35
2024-12-05 04:15:00+00:00,1854.4375,1903.55
2024-12-05 04:16:00+00:00,1853.5614,1903.0
2024-12-05 04:17:00+00:00,1853.5577,1904.25
2024-12-05 04:18:00+00:00,1852.6692,1901.7
2024-12-05 04:19:00+00:00,1851.843,1900.4
2024-12-05 04:20:00+00:00,1850.59,1900.15
2024-12-05 04:21:00+00:00,1848.7341,1900.2
2024-12-05 04:22:00+00:00,1848.6218,1899.9
2024-12-05 04:23:00+00:00,1848.789,1900.85
2024-12-05 04:24:00+00:00,1848.0139,1899.2
2024-12-05 04:25:00+00:00,1848.028,1899.1
2024-12-05 04:26:00+00:00,1845.3691,1899.35
2024-12-05 04:27:00+00:00,1845.1321,1900.1
2024-12-05 04:28:00+00:00,1845.2024,1899.55
2024-12-05 04:29:00+00:00,1842.6646,1899.25
2024-12-05 04:30:00+00:00,1844.2817,1898.1
2024-12-05 04:31:00+00:00,1843.696,1899.1
2024-12-05 04:32:00+00:00,1842.5757,1900.85
2024-12-05 04:33:00+00:00,1843.5,1900.35
2024-12-05 04:34:00+00:00,1845.5955,1899.45
2024-12-05 04:35:00+00:00,1844.4766,1899.65
2024-12-05 04:36:00+00:00,1843.6909,1900.0
2024-12-05 04:37:00+00:00,1844.2639,1898.05
2024-12-05 04:38:00+00:00,1841.0063,1898.15
2024-12-05 04:39:00+00:00,1841.5953,1898.1
2024-12-05 04:40:00+00:00,1841.8547,1896.95
2024-12-05 04:41:00+00:00,1841.0259,1899.25
2024-12-05 04:42:00+00:00,1840.864,1898.1
2024-12-05 04:43:00+00:00,1841.7421,1896.55
2024-12-05 04:44:00+00:00,1837.7397,1897.85
2024-12-05 04:45:00+00:00,1838.7773,1898.05
2024-12-05 04:46:00+00:00,1837.6494,1898.3
2024-12-05 04:47:00+00:00,1839.1499,1896.6
2024-12-05 04:48:00+00:00,1837.4111,1894.15
2024-12-05 04:49:00+00:00,1837.7759,1894.85
2024-12-05 04:50:00+00:00,1835.2173,1896.0
2024-12-05 04:51:00+00:00,1836.463,1896.0
2024-12-05 04:52:00+00:00,1837.1765,1896.7
2024-12-05 04:53:00+00:00,1837.1881,1895.15
2024-12-05 04:54:00+00:00,1836.7693,1897.75
2024-12-05 04:55:00+00:00,1836.114,1898.0
2024-12-05 04:56:00+00:00,1836.5691,1897.75
2024-12-05 04:57:00+00:00,1834.9265,1897.15
2024-12-05 04:58:00+00:00,1836.9824,1898.0
2024-12-05 04:59:00+00:00,1837.3932,1898.0
2024-12-05 05:00:00+00:00,1837.3667,1897.4
2024-12-05 05:01:00+00:00,1836.4868,1898.5
2024-12-05 05:02:00+00:00,1837.3931,1898.55
2024-12-05 05:03:00+00:00,1839.3369,1899.0
2024-12-05 05:04:00+00:00,1839.7568,1898.0
2024-12-05 05:05:00+00:00,1837.3997,1898.0
2024-12-05 05:06:00+00:00,1838.1985,1898.1
2024-12-05 05:07:00+00:00,1838.066,1898.2
2024-12-05 05:08:00+00:00,1839.0754,1897.25
2024-12-05 05:09:00+00:00,1838.7738,1897.3
2024-12-05 05:10:00+00:00,1838.103,1898.0
2024-12-05 05:11:00+00:00,1838.3057,1898.0
2024-12-05 05:12:00+00:00,1836.8519,1898.0
2024-12-05 05:13:00+00:00,1836.0259,1900.35
2024-12-05 05:14:00+00:00,1839.6675,1901.5
2024-12-05 05:15:00+00:00,1842.5554,1899.5
2024-12-05 05:16:00+00:00,1839.6674,1899.45
2024-12-05 05:17:00+00:00,1839.6161,1899.5
2024-12-05 05:18:00+00:00,1839.2985,1900.35
2024-12-05 05:19:00+00:00,1840.9009,1899.75
2024-12-05 05:20:00+00:00,1841.4498,1899.7
2024-12-05 05:21:00+00:00,1840.6853,1899.3
2024-12-05 05:22:00+00:00,1840.3772,1899.6
2024-12-05 05:23:00+00:00,1841.2954,1899.4
2024-12-05 05:24:00+00:00,1841.1655,1897.95
2024-12-05 05:25:00+00:00,1837.8749,1897.8
2024-12-05 05:26:00+00:00,1838.4551,1897.65
2024-12-05 05:27:00+00:00,1838.4122,1897.3
2024-12-05 05:28:00+00:00,1837.0615,1892.35
2024-12-05 05:29:00+00:00,1836.2415,1891.5
2024-12-05 05:30:00+00:00,1831.611,1893.75
2024-12-05 05:31:00+00:00,1831.3855,1895.2
2024-12-05 05:32:00+00:00,1833.4764,1895.5
2024-12-05 05:33:00+00:00,1834.2771,1895.8
2024-12-05 05:34:00+00:00,1834.7559,1897.35
2024-12-05 05:35:00+00:00,1835.1165,1896.1
2024-12-05 05:36:00+00:00,1834.004,1894.95
2024-12-05 05:37:00+00:00,1832.5471,1896.0
2024-12-05 05:38:00+00:00,1833.446,1896.1
2024-12-05 05:39:00+00:00,1834.8083,1896.3
2024-12-05 05:40:00+00:00,1834.3391,1894.7
2024-12-05 05:41:00+00:00,1833.4529,1895.5
2024-12-05 05:42:00+00:00,1832.227,1895.1
2024-12-05 05:43:00+00:00,1833.3052,1895.5
2024-12-05 05:44:00+00:00,1832.9205,1895.3
2024-12-05 05:45:00+00:00,1831.2296,1895.0
2024-12-05 05:46:00+00:00,1832.0067,1894.4
2024-12-05 05:47:00+00:00,1831.5228,1894.9
2024-12-05 05:48:00+00:00,1830.4368,1894.7
2024-12-05 05:49:00+00:00,1830.3301,1894.95
2024-12-05 05:50:00+00:00,1830.4092,1895.25
2024-12-05 05:51:00+00:00,1830.6072,1894.85
2024-12-05 05:52:00+00:00,1830.6782,1895.1
2024-12-05 05:53:00+00:00,1830.8291,1894.5
2024-12-05 05:54:00+00:00,1830.3673,1895.1
2024-12-05 05:55:00+00:00,1831.0074,1895.5
2024-12-05 05:56:00+00:00,1830.9888,1895.0
2024-12-05 05:57:00+00:00,1831.3268,1894.35
2024-12-05 05:58:00+00:00,1830.4515,1894.95
2024-12-05 05:59:00+00:00,1830.044,1895.4
2024-12-05 06:00:00+00:00,1830.6897,1894.55
2024-12-05 06:01:00+00:00,1831.2268,1893.2
2024-12-05 06:02:00+00:00,1829.8132,1893.45
2024-12-05 06:03:00+00:00,1829.3403,1893.4
2024-12-05 06:04:00+00:00,1828.8505,1893.15
2024-12-05 06:05:00+00:00,1828.8894,1892.0
2024-12-05 06:06:00+00:00,1827.8224,1892.35
2024-12-05 06:07:00+00:00,1827.1738,1891.8
2024-12-05 06:08:00+00:00,1827.0052,1892.1
2024-12-05 06:09:00+00:00,1826.4324,1892.05
2024-12-05 06:10:00+00:00,1825.7949,1891.8
2024-12-05 06:11:00+00:00,1826.2437,1891.1
2024-12-05 06:12:00+00:00,1824.689,1891.2
2024-12-05 06:13:00+00:00,1825.1683,1891.65
2024-12-05 06:14:00+00:00,1824.7771,1892.35
2024-12-05 06:15:00+00:00,1825.5586,1892.35
2024-12-05 06:16:00+00:00,1826.2806,1893.0
2024-12-05 06:17:00+00:00,1826.3867,1892.2
2024-12-05 06:18:00+00:00,1826.5851,1893.05
2024-12-05 06:19:00+00:00,1826.5477,1894.35
2024-12-05 06:20:00+00:00,1827.7163,1893.75
2024-12-05 06:21:00+00:00,1828.0562,1894.2
2024-12-05 06:22:00+00:00,1828.1736,1894.2
2024-12-05 06:23:00+00:00,1828.2488,1894.0
2024-12-05 06:24:00+00:00,1826.8943,1893.4
2024-12-05 06:25:00+00:00,1827.9043,1893.7
2024-12-05 06:26:00+00:00,1827.6877,1893.35
2024-12-05 06:27:00+00:00,1827.9025,1892.2
2024-12-05 06:28:00+00:00,1826.8542,1892.45
2024-12-05 06:29:00+00:00,1826.0433,1892.65
2024-12-05 06:30:00+00:00,1825.9548,1892.3
2024-12-05 06:31:00+00:00,1825.6542,1893.95
2024-12-05 06:32:00+00:00,1827.0369,1893.1
2024-12-05 06:33:00+00:00,1825.5435,1894.75
2024-12-05 06:34:00+00:00,1826.6785,1895.5
2024-12-05 06:35:00+00:00,1828.3755,1900.0
2024-12-05 06:36:00+00:00,1830.6213,1905.0
2024-12-05 06:37:00+00:00,1836.2148,1905.8
2024-12-05 06:38:00+00:00,1842.7834,1910.85
2024-12-05 06:39:00+00:00,1846.0217,1910.95
2024-12-05 06:40:00+00:00,1850.9734,1911.8
2024-12-05 06:41:00+00:00,1852.1467,1918.05
2024-12-05 06:42:00+00:00,1857.7175,1920.0
2024-12-05 06:43:00+00:00,1864.4241,1919.6
2024-12-05 06:44:00+00:00,1866.3083,1919.6
2024-12-05 06:45:00+00:00,1870.2568,1921.75
2024-12-05 06:46:00+00:00,1871.6392,1921.35
2024-12-05 06:47:00+00:00,1874.8525,1920.1
2024-12-05 06:48:00+00:00,1875.6129,1922.7
2024-12-05 06:49:00+00:00,1876.5378,1922.0
2024-12-05 06:50:00+00:00,1877.0742,1922.3
2024-12-05 06:51:00+00:00,1879.6782,1920.2
2024-12-05 06:52:00+00:00,1880.6523,1920.25
2024-12-05 06:53:00+00:00,1879.5114,1920.3
2024-12-05 06:54:00+00:00,1878.8376,1919.5
2024-12-05 06:55:00+00:00,1880.7871,1919.85
2024-12-05 06:56:00+00:00,1879.5173,1918.95
2024-12-05 06:57:00+00:00,1877.8872,1919.6
2024-12-05 06:58:00+00:00,1877.7375,1919.85
2024-12-05 06:59:00+00:00,1880.6733,1918.1
2024-12-05 07:00:00+00:00,1880.1602,1917.95
2024-12-05 07:01:00+00:00,1879.1938,1918.0
2024-12-05 07:02:00+00:00,1879.2905,1918.5
2024-12-05 07:03:00+00:00,1879.0398,1918.55
2024-12-05 07:04:00+00:00,1879.1323,1917.9
2024-12-05 07:05:00+00:00,1877.4956,1918.55
2024-12-05 07:06:00+00:00,1879.2374,1918.85
2024-12-05 07:07:00+00:00,1880.1625,1918.15
2024-12-05 07:08:00+00:00,1878.9761,1917.9
2024-12-05 07:09:00+00:00,1878.4089,1917.9
2024-12-05 07:10:00+00:00,1879.5974,1918.65
2024-12-05 07:11:00+00:00,1880.7135,1918.95
2024-12-05 07:12:00+00:00,1881.7341,1918.65
2024-12-05 07:13:00+00:00,1881.5271,1917.25
2024-12-05 07:14:00+00:00,1879.4443,1919.1
2024-12-05 07:15:00+00:00,1881.1132,1918.65
2024-12-05 07:16:00+00:00,1880.4462,1917.65
2024-12-05 07:17:00+00:00,1880.0066,1917.1
2024-12-05 07:18:00+00:00,1880.8359,1916.95
2024-12-05 07:19:00+00:00,1880.5156,1917.65
2024-12-05 07:20:00+00:00,1880.8894,1917.25
2024-12-05 07:21:00+00:00,1881.1644,1915.6
2024-12-05 07:22:00+00:00,1879.1672,1916.95
2024-12-05 07:23:00+00:00,1880.3531,1916.85
2024-12-05 07:24:00+00:00,1881.1409,1916.25
2024-12-05 07:25:00+00:00,1880.7856,1915.7
2024-12-05 07:26:00+00:00,1880.339,1916.15
2024-12-05 07:27:00+00:00,1880.0431,1915.9
2024-12-05 07:28:00+00:00,1880.7507,1917.0
2024-12-05 07:29:00+00:00,1880.2881,1917.05
2024-12-05 07:30:00+00:00,1881.0559,1916.6
2024-12-05 07:31:00+00:00,1879.435,1915.85
2024-12-05 07:32:00+00:00,1879.1072,1916.75
2024-12-05 07:33:00+00:00,1880.9261,1917.05
2024-12-05 07:34:00+00:00,1881.384,1917.9
2024-12-05 07:35:00+00:00,1881.959,1917.05
2024-12-05 07:36:00+00:00,1880.2576,1917.75
2024-12-05 07:37:00+00:00,1881.6287,1917.7
2024-12-05 07:38:00+00:00,1881.4404,1917.65
2024-12-05 07:39:00+00:00,1881.5773,1917.5
2024-12-05 07:40:00+00:00,1882.1438,1917.05
2024-12-05 07:41:00+00:00,1881.4856,1916.25
2024-12-05 07:42:00+00:00,1881.087,1916.8
2024-12-05 07:43:00+00:00,1880.2969,1919.5
2024-12-05 07:44:00+00:00,1881.8186,1919.3
2024-12-05 07:45:00+00:00,1884.1866,1919.15
2024-12-05 07:46:00+00:00,1884.7301,1918.85
2024-12-05 07:47:00+00:00,1884.5316,1920.0
2024-12-05 07:48:00+00:00,1884.4685,1918.85
2024-12-05 07:49:00+00:00,1884.8329,1918.55
2024-12-05 07:50:00+00:00,1884.423,1918.6
2024-12-05 07:51:00+00:00,1884.6788,1919.4
2024-12-05 07:52:00+00:00,1884.3436,1919.0
2024-12-05 07:53:00+00:00,1884.973,1919.6
2024-12-05 07:54:00+00:00,1885.4878,1918.85
2024-12-05 07:55:00+00:00,1885.1809,1918.9
2024-12-05 07:56:00+00:00,1884.8391,1918.3
2024-12-05 07:57:00+00:00,1884.9929,1917.0
2024-12-05 07:58:00+00:00,1883.0961,1918.7
2024-12-05 07:59:00+00:00,1883.5347,1917.9
2024-12-05 08:00:00+00:00,1882.3396,1918.6
2024-12-05 08:01:00+00:00,1883.6577,1920.0
2024-12-05 08:02:00+00:00,1884.8916,1921.25
2024-12-05 08:03:00+00:00,1886.0088,1922.0
2024-12-05 08:04:00+00:00,1887.0627,1921.35
2024-12-05 08:06:00+00:00,1887.6307,1920.9
2024-12-05 08:07:00+00:00,1887.3274,1921.9
2024-12-05 08:08:00+00:00,1887.425,1924.1
2024-12-05 08:09:00+00:00,1888.6157,1924.15
2024-12-05 08:10:00+00:00,1889.5607,1925.5
2024-12-05 08:11:00+00:00,1890.1593,1924.2
2024-12-05 08:12:00+00:00,1890.7278,1925.55
2024-12-05 08:13:00+00:00,1890.756,1925.55
2024-12-05 08:14:00+00:00,1891.3169,1926.4
2024-12-05 08:15:00+00:00,1891.6394,1926.4
2024-12-05 08:16:00+00:00,1892.0737,1925.5
2024-12-05 08:17:00+00:00,1891.8186,1925.4
2024-12-05 08:18:00+00:00,1891.5167,1925.95
2024-12-05 08:19:00+00:00,1891.7734,1927.4
2024-12-05 08:20:00+00:00,1892.0718,1926.75
2024-12-05 08:21:00+00:00,1892.5446,1926.0
2024-12-05 08:22:00+00:00,1892.1802,1926.5
2024-12-05 08:23:00+00:00,1892.1018,1925.45
2024-12-05 08:24:00+00:00,1891.9827,1925.5
2024-12-05 08:25:00+00:00,1891.2596,1926.6
2024-12-05 08:26:00+00:00,1891.6409,1926.65
2024-12-05 08:27:00+00:00,1892.1807,1927.4
2024-12-05 08:28:00+00:00,1892.3306,1929.25
2024-12-05 08:29:00+00:00,1893.2091,1928.15
2024-12-05 08:30:00+00:00,1893.5955,1928.15
2024-12-05 08:31:00+00:00,1893.6962,1928.3
2024-12-05 08:32:00+00:00,1893.6875,1928.0
2024-12-05 08:33:00+00:00,1893.7073,1927.95
2024-12-05 08:34:00+00:00,1893.4703,1927.6
2024-12-05 08:35:00+00:00,1893.0225,1928.65
2024-12-05 08:36:00+00:00,1893.8254,1928.35
2024-12-05 08:37:00+00:00,1894.0187,1927.95
2024-12-05 08:38:00+00:00,1894.0894,1928.75
2024-12-05 08:39:00+00:00,1894.1385,1930.9
2024-12-05 08:40:00+00:00,1894.5852,1930.6
2024-12-05 08:41:00+00:00,1895.0266,1933.4
2024-12-05 08:42:00+00:00,1895.1772,1937.85
2024-12-05 08:43:00+00:00,1896.1649,1940.8
2024-12-05 08:44:00+00:00,1897.0859,1939.65
2024-12-05 08:45:00+00:00,1897.6113,1939.6
2024-12-05 08:46:00+00:00,1897.5265,1940.0
2024-12-05 08:47:00+00:00,1897.717,1941.05
2024-12-05 08:48:00+00:00,1897.8403,1941.0
2024-12-05 08:49:00+00:00,1898.0251,1940.3
2024-12-05 08:50:00+00:00,1897.8834,1941.95
2024-12-05 08:51:00+00:00,1898.1592,1941.15
2024-12-05 08:52:00+00:00,1898.3235,1940.4
2024-12-05 08:53:00+00:00,1898.29,1940.25
2024-12-05 08:54:00+00:00,1898.3135,1940.55
2024-12-05 08:55:00+00:00,1898.333,1940.7
2024-12-05 08:56:00+00:00,1898.3793,1940.85
2024-12-05 08:57:00+00:00,1898.3687,1940.4
2024-12-05 08:58:00+00:00,1898.3533,1944.9
2024-12-05 08:59:00+00:00,1898.5577,1946.9
2024-12-05 09:00:00+00:00,1898.8948,1946.0
2024-12-05 09:01:00+00:00,1898.8544,1947.9
2024-12-05 09:02:00+00:00,1898.9738,1949.05
2024-12-05 09:03:00+00:00,1899.0771,1947.55
2024-12-05 09:04:00+00:00,1899.0906,1948.35
2024-12-05 09:05:00+00:00,1899.0876,1949.1
2024-12-05 09:06:00+00:00,1899.1595,1947.05
2024-12-05 09:07:00+00:00,1899.2075,1945.65
2024-12-05 09:08:00+00:00,1899.1624,1946.65
2024-12-05 09:09:00+00:00,1899.1207,1943.95
2024-12-05 09:10:00+00:00,1899.1265,1941.3
2024-12-05 09:11:00+00:00,1899.0148,1941.45
2024-12-05 09:12:00+00:00,1898.929,1944.2
2024-12-05 09:13:00+00:00,1898.9236,1944.05
2024-12-05 09:14:00+00:00,1899.0242,1945.0
2024-12-05 09:15:00+00:00,1899.0852,1944.35
2024-12-05 09:16:00+00:00,1899.0713,1944.0
2024-12-05 09:17:00+00:00,1899.0386,1942.05
2024-12-05 09:18:00+00:00,1899.0273,1941.6
2024-12-05 09:19:00+00:00,1898.9277,1942.0
2024-12-05 09:20:00+00:00,1898.8953,1939.0
2024-12-05 09:21:00+00:00,1898.8938,1934.75
2024-12-05 09:22:00+00:00,1898.7888,1932.7
2024-12-05 09:23:00+00:00,1898.3123,1929.3
2024-12-05 09:24:00+00:00,1898.2257,1928.55
2024-12-05 09:25:00+00:00,1897.8599,1928.05
2024-12-05 09:26:00+00:00,1897.6611,1919.0
2024-12-05 09:27:00+00:00,1897.5411,1914.9
2024-12-05 09:28:00+00:00,1895.5354,1916.5
2024-12-05 09:29:00+00:00,1895.0637,1918.5
2024-12-05 09:30:00+00:00,1895.375,1922.75
2024-12-05 09:31:00+00:00,1895.7177,1924.3
2024-12-05 09:32:00+00:00,1896.5151,1928.5
2024-12-05 09:33:00+00:00,1896.7515,1928.95
2024-12-05 09:34:00+00:00,1897.2343,1932.35
2024-12-05 09:35:00+00:00,1897.2936,1934.55
2024-12-05 09:36:00+00:00,1897.563,1934.5
2024-12-05 09:37:00+00:00,1897.6934,1933.4
2024-12-05 09:38:00+00:00,1897.5565,1935.1
2024-12-05 09:39:00+00:00,1897.5238,1934.2
2024-12-05 09:40:00+00:00,1897.5883,1936.45
2024-12-05 09:41:00+00:00,1897.5723,1936.65
2024-12-05 09:42:00+00:00,1897.9563,1936.95
2024-12-05 09:43:00+00:00,1898.0442,1937.5
2024-12-05 09:44:00+00:00,1898.1335,1938.3
2024-12-05 09:45:00+00:00,1898.1604,1939.3
2024-12-05 09:46:00+00:00,1898.2833,1939.4
2024-12-05 09:47:00+00:00,1898.385,1938.7
2024-12-05 09:48:00+00:00,1898.4556,1938.5
2024-12-05 09:49:00+00:00,1898.368,1937.0
2024-12-05 09:50:00+00:00,1898.2899,1936.95
2024-12-05 09:51:00+00:00,1897.978,1938.85
2024-12-05 09:52:00+00:00,1898.3154,1938.35
2024-12-05 09:53:00+00:00,1898.2368,1937.95
2024-12-05 09:54:00+00:00,1898.2146,1938.1
2024-12-05 09:55:00+00:00,1898.2935,1937.9
2024-12-05 09:56:00+00:00,1898.3109,1937.6
2024-12-05 09:57:00+00:00,1898.2451,1937.5
2024-12-05 09:58:00+00:00,1898.1936,1934.15
2024-12-05 09:59:00+00:00,1898.0117,1933.2
2024-12-06 03:45:00+00:00,1897.6836,1926.9
2024-12-06 03:46:00+00:00,1897.6469,1927.65
2024-12-06 03:47:00+00:00,1896.8584,1925.35
2024-12-06 03:48:00+00:00,1896.5088,1929.3
2024-12-06 03:49:00+00:00,1896.632,1925.05
2024-12-06 03:50:00+00:00,1896.7161,1924.35
2024-12-06 03:51:00+00:00,1895.8733,1923.65
2024-12-06 03:52:00+00:00,1895.623,1925.55
2024-12-06 03:53:00+00:00,1895.3032,1925.2
2024-12-06 03:54:00+00:00,1895.6554,1926.45
2024-12-06 03:55:00+00:00,1895.3914,1924.5
2024-12-06 03:56:00+00:00,1894.8203,1923.85
2024-12-06 03:57:00+00:00,1893.5864,1925.0
2024-12-06 03:58:00+00:00,1893.9216,1929.95
2024-12-06 03:59:00+00:00,1894.1432,1928.25
2024-12-06 04:00:00+00:00,1895.2983,1927.8
2024-12-06 04:01:00+00:00,1894.554,1928.65
2024-12-06 04:02:00+00:00,1894.3394,1930.0
2024-12-06 04:03:00+00:00,1894.7041,1931.65
2024-12-06 04:04:00+00:00,1895.1171,1927.65
2024-12-06 04:05:00+00:00,1894.9308,1926.45
2024-12-06 04:06:00+00:00,1894.3679,1927.7
2024-12-06 04:07:00+00:00,1894.3818,1928.15
2024-12-06 04:08:00+00:00,1895.0105,1930.8
2024-12-06 04:09:00+00:00,1895.1569,1930.0
2024-12-06 04:10:00+00:00,1895.8945,1926.25
2024-12-06 04:11:00+00:00,1895.5974,1926.0
2024-12-06 04:12:00+00:00,1894.1343,1926.8
2024-12-06 04:13:00+00:00,1894.4729,1928.1
2024-12-06 04:14:00+00:00,1894.925,1929.75
2024-12-06 04:15:00+00:00,1895.4714,1930.15
2024-12-06 04:16:00+00:00,1895.9253,1929.8
2024-12-06 04:17:00+00:00,1895.8291,1929.45
2024-12-06 04:18:00+00:00,1895.6611,1930.3
2024-12-06 04:19:00+00:00,1895.9739,1930.3
2024-12-06 04:20:00+00:00,1896.0608,1929.65
2024-12-06 04:21:00+00:00,1895.8734,1930.0
2024-12-06 04:22:00+00:00,1895.8412,1929.1
2024-12-06 04:23:00+00:00,1895.2947,1930.15
2024-12-06 04:24:00+00:00,1895.5836,1930.35
2024-12-06 04:25:00+00:00,1896.1821,1929.8
2024-12-06 04:26:00+00:00,1895.8447,1929.8
2024-12-06 04:27:00+00:00,1896.0669,1925.6
2024-12-06 04:28:00+00:00,1895.836,1927.95
2024-12-06 04:29:00+00:00,1894.9514,1927.6
2024-12-06 04:30:00+00:00,1895.2186,1927.95
2024-12-06 04:31:00+00:00,1895.1659,1927.55
2024-12-06 04:32:00+00:00,1895.2924,1927.95
2024-12-06 04:33:00+00:00,1895.4247,1926.65
2024-12-06 04:34:00+00:00,1895.261,1929.5
2024-12-06 04:35:00+00:00,1895.4353,1927.55
2024-12-06 04:36:00+00:00,1895.7754,1926.1
2024-12-06 04:37:00+00:00,1895.3198,1928.2
2024-12-06 04:38:00+00:00,1894.8815,1929.7
2024-12-06 04:39:00+00:00,1895.4243,1927.6
2024-12-06 04:40:00+00:00,1895.2524,1926.55
2024-12-06 04:41:00+00:00,1895.1788,1926.15
2024-12-06 04:42:00+00:00,1895.0933,1927.05
2024-12-06 04:43:00+00:00,1895.2771,1926.35
2024-12-06 04:44:00+00:00,1895.2722,1926.7
2024-12-06 04:45:00+00:00,1895.1085,1926.95
2024-12-06 04:46:00+00:00,1895.4019,1927.1
2024-12-06 04:47:00+00:00,1895.5068,1927.95
2024-12-06 04:48:00+00:00,1895.4768,1928.65
2024-12-06 04:49:00+00:00,1895.5986,1929.4
2024-12-06 04:50:00+00:00,1896.1974,1930.25
2024-12-06 04:51:00+00:00,1896.3704,1929.9
2024-12-06 04:52:00+00:00,1896.4257,1925.5
2024-12-06 04:53:00+00:00,1896.1144,1922.35
2024-12-06 04:54:00+00:00,1894.558,1921.3
2024-12-06 04:55:00+00:00,1892.7908,1922.05
2024-12-06 04:56:00+00:00,1893.2393,1919.65
2024-12-06 04:57:00+00:00,1893.0385,1921.55
2024-12-06 04:58:00+00:00,1892.2124,1919.65
2024-12-06 04:59:00+00:00,1891.6621,1918.9
2024-12-06 05:00:00+00:00,1891.6288,1917.45
2024-12-06 05:01:00+00:00,1891.2555,1918.8
2024-12-06 05:02:00+00:00,1890.7343,1919.3
2024-12-06 05:03:00+00:00,1891.0867,1920.8
2024-12-06 05:04:00+00:00,1891.6663,1920.1
2024-12-06 05:05:00+00:00,1891.7366,1921.3
2024-12-06 05:06:00+00:00,1891.6096,1920.15
2024-12-06 05:07:00+00:00,1890.981,1921.7
2024-12-06 05:08:00+00:00,1891.7062,1920.05
2024-12-06 05:09:00+00:00,1891.0881,1920.35
2024-12-06 05:10:00+00:00,1890.833,1920.3
2024-12-06 05:11:00+00:00,1889.8115,1921.35
2024-12-06 05:12:00+00:00,1890.543,1921.1
2024-12-06 05:13:00+00:00,1889.6609,1918.45
2024-12-06 05:14:00+00:00,1890.1879,1919.6
2024-12-06 05:15:00+00:00,1889.1569,1920.15
2024-12-06 05:16:00+00:00,1889.3691,1919.95
2024-12-06 05:17:00+00:00,1889.4424,1917.5
2024-12-06 05:18:00+00:00,1888.7712,1918.25
2024-12-06 05:19:00+00:00,1888.0408,1918.05
2024-12-06 05:20:00+00:00,1887.8123,1918.0
2024-12-06 05:21:00+00:00,1887.6853,1917.2
2024-12-06 05:22:00+00:00,1887.1593,1916.9
2024-12-06 05:23:00+00:00,1886.8716,1916.0
2024-12-06 05:24:00+00:00,1886.7136,1916.35
2024-12-06 05:25:00+00:00,1885.5691,1917.4
2024-12-06 05:26:00+00:00,1885.5062,1917.85
2024-12-06 05:27:00+00:00,1886.3018,1917.5
2024-12-06 05:28:00+00:00,1886.5303,1917.65
2024-12-06 05:29:00+00:00,1886.528,1918.15
2024-12-06 05:30:00+00:00,1886.3619,1917.5
2024-12-06 05:31:00+00:00,1884.8445,1918.55
2024-12-06 05:32:00+00:00,1886.5271,1918.6
2024-12-06 05:33:00+00:00,1887.292,1919.1
2024-12-06 05:34:00+00:00,1887.4392,1919.15
2024-12-06 05:35:00+00:00,1887.6425,1919.25
2024-12-06 05:36:00+00:00,1887.958,1920.3
2024-12-06 05:37:00+00:00,1888.103,1919.35
2024-12-06 05:38:00+00:00,1887.9419,1919.2
2024-12-06 05:39:00+00:00,1887.6256,1919.0
2024-12-06 05:40:00+00:00,1886.855,1919.5
2024-12-06 05:41:00+00:00,1886.6487,1919.5
2024-12-06 05:42:00+00:00,1886.989,1919.5
2024-12-06 05:43:00+00:00,1887.2319,1919.25
2024-12-06 05:44:00+00:00,1887.1635,1920.1
2024-12-06 05:45:00+00:00,1888.053,1920.45
2024-12-06 05:46:00+00:00,1888.1239,1922.1
2024-12-06 05:47:00+00:00,1889.0471,1921.4
2024-12-06 05:48:00+00:00,1887.9801,1921.35
2024-12-06 05:49:00+00:00,1888.8906,1920.45
2024-12-06 05:50:00+00:00,1888.4507,1919.3
2024-12-06 05:51:00+00:00,1886.3137,1920.35
2024-12-06 05:52:00+00:00,1887.7284,1919.55
2024-12-06 05:53:00+00:00,1888.0696,1918.85
2024-12-06 05:54:00+00:00,1887.4873,1918.75
2024-12-06 05:55:00+00:00,1887.4392,1918.7
2024-12-06 05:56:00+00:00,1887.0884,1918.45
2024-12-06 05:57:00+00:00,1887.1227,1919.6
2024-12-06 05:58:00+00:00,1887.4514,1919.35
2024-12-06 05:59:00+00:00,1886.4462,1918.75
2024-12-06 06:00:00+00:00,1887.3486,1918.4
2024-12-06 06:01:00+00:00,1886.3662,1918.45
2024-12-06 06:02:00+00:00,1886.5099,1917.8
2024-12-06 06:03:00+00:00,1885.1255,1917.85
2024-12-06 06:04:00+00:00,1886.2578,1917.95
2024-12-06 06:05:00+00:00,1886.516,1918.9
2024-12-06 06:06:00+00:00,1886.4653,1920.5
2024-12-06 06:07:00+00:00,1887.7661,1919.05
2024-12-06 06:08:00+00:00,1888.1188,1919.45
2024-12-06 06:09:00+00:00,1887.4235,1918.2
2024-12-06 06:10:00+00:00,1887.1003,1916.95
2024-12-06 06:11:00+00:00,1886.2288,1916.75
2024-12-06 06:12:00+00:00,1883.8429,1916.55
2024-12-06 06:13:00+00:00,1885.0325,1915.35
2024-12-06 06:14:00+00:00,1883.2462,1915.15
2024-12-06 06:15:00+00:00,1884.096,1915.55
2024-12-06 06:16:00+00:00,1883.7456,1915.65
2024-12-06 06:17:00+00:00,1883.9823,1916.45
2024-12-06 06:18:00+00:00,1884.554,1916.75
2024-12-06 06:19:00+00:00,1884.9717,1916.7
2024-12-06 06:20:00+00:00,1885.0483,1916.75
2024-12-06 06:21:00+00:00,1884.5504,1916.45
2024-12-06 06:22:00+00:00,1884.5831,1916.45
2024-12-06 06:23:00+00:00,1885.3047,1917.85
2024-12-06 06:24:00+00:00,1885.7944,1917.95
2024-12-06 06:25:00+00:00,1886.6648,1917.95
2024-12-06 06:26:00+00:00,1886.9313,1918.5
2024-12-06 06:27:00+00:00,1886.5918,1918.45
2024-12-06 06:28:00+00:00,1886.5793,1918.75
2024-12-06 06:29:00+00:00,1887.688,1918.5
2024-12-06 06:30:00+00:00,1886.6514,1918.55
2024-12-06 06:31:00+00:00,1887.7045,1918.1
2024-12-06 06:32:00+00:00,1886.4578,1917.8
2024-12-06 06:33:00+00:00,1887.117,1917.7
2024-12-06 06:34:00+00:00,1886.6887,1917.9
2024-12-06 06:35:00+00:00,1887.3135,1917.65
2024-12-06 06:36:00+00:00,1887.0271,1917.7
2024-12-06 06:37:00+00:00,1886.281,1918.75
2024-12-06 06:38:00+00:00,1886.9648,1918.7
2024-12-06 06:39:00+00:00,1885.897,1918.75
2024-12-06 06:40:00+00:00,1887.3093,1919.65
2024-12-06 06:41:00+00:00,1887.6942,1919.25
2024-12-06 06:42:00+00:00,1886.811,1919.0
2024-12-06 06:43:00+00:00,1886.0337,1919.15
2024-12-06 06:44:00+00:00,1887.4534,1919.0
2024-12-06 06:45:00+00:00,1887.2548,1918.7
2024-12-06 06:46:00+00:00,1887.4646,1918.1
2024-12-06 06:47:00+00:00,1886.8804,1917.9
2024-12-06 06:48:00+00:00,1885.2832,1916.9
2024-12-06 06:49:00+00:00,1884.3921,1916.95
2024-12-06 06:50:00+00:00,1884.8889,1916.75
2024-12-06 06:51:00+00:00,1883.4988,1918.15
2024-12-06 06:52:00+00:00,1885.606,1918.35
2024-12-06 06:53:00+00:00,1886.0522,1918.45
2024-12-06 06:54:00+00:00,1886.4568,1919.0
2024-12-06 06:55:00+00:00,1886.2281,1919.6
2024-12-06 06:56:00+00:00,1886.6953,1919.5
2024-12-06 06:57:00+00:00,1887.0015,1919.85
2024-12-06 06:58:00+00:00,1887.509,1920.4
2024-12-06 06:59:00+00:00,1888.0037,1921.95
2024-12-06 07:00:00+00:00,1888.6494,1921.1
2024-12-06 07:01:00+00:00,1889.0742,1920.45
2024-12-06 07:02:00+00:00,1888.5647,1919.9
2024-12-06 07:03:00+00:00,1886.7612,1919.1
2024-12-06 07:04:00+00:00,1886.332,1919.05
2024-12-06 07:05:00+00:00,1885.8191,1918.45
2024-12-06 07:06:00+00:00,1886.5977,1919.05
2024-12-06 07:07:00+00:00,1886.7706,1919.9
2024-12-06 07:08:00+00:00,1887.0076,1919.9
2024-12-06 07:09:00+00:00,1887.2688,1919.6
2024-12-06 07:10:00+00:00,1887.2688,1919.55
2024-12-06 07:11:00+00:00,1887.0702,1919.0
2024-12-06 07:12:00+00:00,1886.8827,1917.45
2024-12-06 07:13:00+00:00,1884.4852,1917.8
2024-12-06 07:14:00+00:00,1885.0566,1917.85
2024-12-06 07:15:00+00:00,1885.0751,1917.8
2024-12-06 07:16:00+00:00,1885.6621,1918.25
2024-12-06 07:17:00+00:00,1885.2961,1917.95
2024-12-06 07:18:00+00:00,1885.6416,1917.35
2024-12-06 07:19:00+00:00,1884.104,1918.1
2024-12-06 07:20:00+00:00,1885.8374,1918.05
2024-12-06 07:21:00+00:00,1884.054,1918.1
2024-12-06 07:22:00+00:00,1884.8999,1918.8
2024-12-06 07:23:00+00:00,1885.8564,1918.8
2024-12-06 07:24:00+00:00,1886.2225,1919.0
2024-12-06 07:25:00+00:00,1885.7008,1919.3
2024-12-06 07:26:00+00:00,1886.5496,1918.8
2024-12-06 07:27:00+00:00,1887.0374,1918.6
2024-12-06 07:28:00+00:00,1886.3853,1917.0
2024-12-06 07:29:00+00:00,1885.8118,1916.6
2024-12-06 07:30:00+00:00,1884.7238,1917.2
2024-12-06 07:31:00+00:00,1884.4242,1916.65
2024-12-06 07:32:00+00:00,1884.3223,1916.95
2024-12-06 07:33:00+00:00,1884.417,1916.9
2024-12-06 07:34:00+00:00,1884.2544,1917.55
2024-12-06 07:35:00+00:00,1884.4202,1917.7
2024-12-06 07:36:00+00:00,1884.7947,1917.05
2024-12-06 07:37:00+00:00,1883.0857,1917.45
2024-12-06 07:38:00+00:00,1884.4751,1917.95
2024-12-06 07:39:00+00:00,1884.667,1917.4
2024-12-06 07:40:00+00:00,1884.6752,1917.45
2024-12-06 07:41:00+00:00,1884.683,1916.7
2024-12-06 07:42:00+00:00,1884.3599,1916.0
2024-12-06 07:43:00+00:00,1882.7115,1916.05
2024-12-06 07:44:00+00:00,1884.3962,1916.45
2024-12-06 07:45:00+00:00,1883.2518,1917.15
2024-12-06 07:46:00+00:00,1884.664,1916.7
2024-12-06 07:47:00+00:00,1883.0033,1916.55
2024-12-06 07:48:00+00:00,1884.3711,1916.25
2024-12-06 07:49:00+00:00,1882.7107,1915.45
2024-12-06 07:50:00+00:00,1883.7292,1915.95
2024-12-06 07:51:00+00:00,1882.97,1915.95
2024-12-06 07:52:00+00:00,1883.3408,1916.3
2024-12-06 07:53:00+00:00,1883.3125,1916.55
2024-12-06 07:54:00+00:00,1883.7754,1916.85
2024-12-06 07:55:00+00:00,1883.9231,1916.25
2024-12-06 07:56:00+00:00,1883.019,1916.25
2024-12-06 07:57:00+00:00,1883.8455,1915.75
2024-12-06 07:58:00+00:00,1883.6843,1915.95
2024-12-06 07:59:00+00:00,1883.7255,1916.1
2024-12-06 08:00:00+00:00,1883.0002,1916.3
2024-12-06 08:01:00+00:00,1883.4077,1916.7
2024-12-06 08:02:00+00:00,1884.0675,1917.2
2024-12-06 08:03:00+00:00,1884.4521,1916.65
2024-12-06 08:04:00+00:00,1883.6707,1916.5
2024-12-06 08:05:00+00:00,1884.6636,1916.1
2024-12-06 08:06:00+00:00,1884.1074,1915.5
2024-12-06 08:07:00+00:00,1883.4175,1915.1
2024-12-06 08:08:00+00:00,1882.4835,1913.9
2024-12-06 08:09:00+00:00,1882.0494,1914.5
2024-12-06 08:10:00+00:00,1881.3706,1913.55
2024-12-06 08:11:00+00:00,1879.8999,1914.7
2024-12-06 08:12:00+00:00,1881.1012,1915.35
2024-12-06 08:13:00+00:00,1882.1743,1915.5
2024-12-06 08:14:00+00:00,1882.8501,1915.3
2024-12-06 08:15:00+00:00,1882.6951,1915.6
2024-12-06 08:16:00+00:00,1882.2241,1914.05
2024-12-06 08:17:00+00:00,1882.0355,1914.1
2024-12-06 08:18:00+00:00,1880.7332,1913.35
2024-12-06 08:19:00+00:00,1880.1305,1913.35
2024-12-06 08:20:00+00:00,1879.8572,1913.9
2024-12-06 08:21:00+00:00,1880.6545,1913.75
2024-12-06 08:22:00+00:00,1880.5375,1913.0
2024-12-06 08:23:00+00:00,1878.6294,1913.4
2024-12-06 08:24:00+00:00,1880.0331,1913.0
2024-12-06 08:25:00+00:00,1879.897,1913.5
2024-12-06 08:26:00+00:00,1879.781,1913.85
2024-12-06 08:27:00+00:00,1879.3584,1912.9
2024-12-06 08:28:00+00:00,1878.7499,1913.25
2024-12-06 08:29:00+00:00,1878.9958,1913.1
2024-12-06 08:30:00+00:00,1878.7273,1913.0
2024-12-06 08:31:00+00:00,1878.7076,1912.7
2024-12-06 08:32:00+00:00,1878.8486,1913.55
2024-12-06 08:33:00+00:00,1879.4502,1913.3
2024-12-06 08:34:00+00:00,1877.8745,1914.4
2024-12-06 08:35:00+00:00,1879.1653,1914.1
2024-12-06 08:36:00+00:00,1877.9465,1914.4
2024-12-06 08:37:00+00:00,1880.2407,1915.35
2024-12-06 08:38:00+00:00,1881.3687,1915.0
2024-12-06 08:39:00+00:00,1881.8083,1914.7
2024-12-06 08:40:00+00:00,1881.7573,1914.4
2024-12-06 08:41:00+00:00,1878.6643,1915.0
2024-12-06 08:42:00+00:00,1880.874,1915.05
2024-12-06 08:43:00+00:00,1881.9485,1915.0
2024-12-06 08:44:00+00:00,1881.8206,1915.5
2024-12-06 08:45:00+00:00,1882.8278,1916.75
2024-12-06 08:46:00+00:00,1883.6023,1916.0
2024-12-06 08:47:00+00:00,1883.3892,1916.25
2024-12-06 08:48:00+00:00,1883.4109,1916.05
2024-12-06 08:49:00+00:00,1883.2324,1916.25
2024-12-06 08:50:00+00:00,1882.856,1916.3
2024-12-06 08:51:00+00:00,1883.3384,1916.05
2024-12-06 08:52:00+00:00,1883.0518,1917.7
2024-12-06 08:53:00+00:00,1883.2529,1917.35
2024-12-06 08:54:00+00:00,1883.0703,1917.0
2024-12-06 08:55:00+00:00,1883.4507,1916.25
2024-12-06 08:56:00+00:00,1884.2051,1916.0
2024-12-06 08:57:00+00:00,1883.1962,1915.5
2024-12-06 08:58:00+00:00,1883.0425,1916.0
2024-12-06 08:59:00+00:00,1882.7263,1915.55
2024-12-06 09:00:00+00:00,1882.3016,1916.2
2024-12-06 09:01:00+00:00,1882.6042,1916.0
2024-12-06 09:02:00+00:00,1882.8674,1915.95
2024-12-06 09:03:00+00:00,1882.648,1915.0
2024-12-06 09:04:00+00:00,1882.7175,1915.05
2024-12-06 09:05:00+00:00,1881.6971,1915.4
2024-12-06 09:06:00+00:00,1882.0015,1915.0
2024-12-06 09:07:00+00:00,1879.7053,1915.5
2024-12-06 09:08:00+00:00,1881.4873,1916.95
2024-12-06 09:09:00+00:00,1882.805,1918.1
2024-12-06 09:10:00+00:00,1884.8696,1917.05
2024-12-06 09:11:00+00:00,1885.3096,1915.55
2024-12-06 09:12:00+00:00,1884.6589,1916.1
2024-12-06 09:13:00+00:00,1883.4587,1915.6
2024-12-06 09:14:00+00:00,1884.0308,1916.3
2024-12-06 09:15:00+00:00,1883.752,1917.05
2024-12-06 09:16:00+00:00,1884.378,1915.6
2024-12-06 09:17:00+00:00,1884.5913,1915.65
2024-12-06 09:18:00+00:00,1884.4082,1916.15
2024-12-06 09:19:00+00:00,1884.9971,1916.0
2024-12-06 09:20:00+00:00,1884.7593,1916.1
2024-12-06 09:21:00+00:00,1885.156,1915.75
2024-12-06 09:22:00+00:00,1884.5787,1916.85
2024-12-06 09:23:00+00:00,1884.2784,1917.05
2024-12-06 09:24:00+00:00,1884.9336,1918.0
2024-12-06 09:25:00+00:00,1885.366,1918.1
2024-12-06 09:26:00+00:00,1886.3579,1917.35
2024-12-06 09:27:00+00:00,1886.3782,1917.85
2024-12-06 09:28:00+00:00,1885.9724,1916.5
2024-12-06 09:29:00+00:00,1885.8347,1917.45
2024-12-06 09:30:00+00:00,1885.2839,1920.4
2024-12-06 09:31:00+00:00,1887.3894,1924.35
2024-12-06 09:32:00+00:00,1889.2633,1924.7
2024-12-06 09:33:00+00:00,1890.865,1925.0
2024-12-06 09:34:00+00:00,1891.6492,1923.6
2024-12-06 09:35:00+00:00,1891.4722,1924.05
2024-12-06 09:36:00+00:00,1891.1503,1924.05
2024-12-06 09:37:00+00:00,1891.4896,1922.7
2024-12-06 09:38:00+00:00,1890.7827,1923.4
2024-12-06 09:39:00+00:00,1891.1145,1923.4
2024-12-06 09:40:00+00:00,1891.5187,1922.95
2024-12-06 09:41:00+00:00,1891.5815,1923.1
2024-12-06 09:42:00+00:00,1891.4088,1922.2
2024-12-06 09:43:00+00:00,1891.4691,1922.65
2024-12-06 09:44:00+00:00,1891.0833,1922.45
2024-12-06 09:45:00+00:00,1891.3359,1922.1
2024-12-06 09:46:00+00:00,1890.6431,1922.3
2024-12-06 09:47:00+00:00,1890.5842,1922.1
2024-12-06 09:48:00+00:00,1890.8767,1921.9
2024-12-06 09:49:00+00:00,1891.0062,1922.0
2024-12-06 09:50:00+00:00,1890.7566,1921.45
2024-12-06 09:51:00+00:00,1890.7173,1921.65
2024-12-06 09:52:00+00:00,1890.6254,1921.1
2024-12-06 09:53:00+00:00,1890.3159,1920.95
2024-12-06 09:54:00+00:00,1889.7817,1920.1
2024-12-06 09:55:00+00:00,1888.572,1921.05
2024-12-06 09:56:00+00:00,1889.4019,1921.3
2024-12-06 09:57:00+00:00,1890.6687,1919.2
2024-12-06 09:58:00+00:00,1889.041,1918.75
