"Prediction","Actual"
"4247.521484375","4278.10009765625"
"4247.4765625","4277.7001953125"
"4247.4609375","4276.4501953125"
"4247.4990234375","4275"
"4247.5517578125","4277.2001953125"
"4247.6376953125","4277.35009765625"
"4247.76416015625","4277.2001953125"
"4247.5107421875","4275.89990234375"
"4247.724609375","4273.9501953125"
"4247.7421875","4274.4501953125"
"4247.78125","4274.7998046875"
"4247.896484375","4273.2001953125"
"4247.8203125","4271.7998046875"
"4247.95703125","4273.2001953125"
"4248.0546875","4276.9501953125"
"4248.021484375","4279.7001953125"
"4247.9580078125","4278.89990234375"
"4248.0185546875","4280.64990234375"
"4248.1162109375","4280.7998046875"
"4248.158203125","4278.9501953125"
"4247.9296875","4279.85009765625"
"4248.04443359375","4281.64990234375"
"4248.13623046875","4284.5"
"4248.0146484375","4286.85009765625"
"4248.091796875","4289.10009765625"
"4248.16796875","4286.7998046875"
"4247.90673828125","4284.5498046875"
"4248.1650390625","4285.5"
"4248.1552734375","4286.7001953125"
"4247.9912109375","4285.9501953125"
"4247.6494140625","4285.85009765625"
"4247.4033203125","4285.75"
"4247.0791015625","4283.7998046875"
"4246.9345703125","4284.7998046875"
"4246.28369140625","4280.64990234375"
"4245.9853515625","4283.5498046875"
"4244.8720703125","4279.25"
"4244.47021484375","4275.64990234375"
"4244.146484375","4273.4501953125"
"4243.80859375","4275.2001953125"
"4243.7568359375","4273.35009765625"
"4241.92578125","4275.75"
"4242.56103515625","4276"
"4242.123046875","4278.5498046875"
"4242.20556640625","4278.10009765625"
"4242.552734375","4275.14990234375"
"4243.1201171875","4278.7998046875"
"4242.8408203125","4280.64990234375"
"4243.2734375","4278.25"
"4243.37158203125","4278.85009765625"
"4244.1494140625","4280.5"
"4244.22900390625","4282.39990234375"
"4244.18017578125","4284.85009765625"
"4244.15234375","4282.64990234375"
"4243.98046875","4280.85009765625"
"4244.2587890625","4278.85009765625"
"4244.3994140625","4279.9501953125"
"4244.537109375","4282"
"4244.1865234375","4282.85009765625"
"4244.33056640625","4282"
"4244.1123046875","4282.35009765625"
"4244.11962890625","4283.14990234375"
"4243.9609375","4282.7998046875"
"4243.931640625","4284.2998046875"
"4244.0068359375","4283.5498046875"
"4244.59765625","4283.7001953125"
"4244.9443359375","4286"
"4245.12939453125","4286.35009765625"
"4245.291015625","4285.9501953125"
"4244.95166015625","4284.60009765625"
"4245.0517578125","4286.2001953125"
"4245.240234375","4284.85009765625"
"4245.578125","4280.9501953125"
"4245.8603515625","4283.89990234375"
"4246.10546875","4284.10009765625"
"4246.22802734375","4287.5"
"4246.21484375","4285.0498046875"
"4246.1103515625","4286.4501953125"
"4246.2099609375","4286.7001953125"
"4246.29833984375","4289.89990234375"
"4246.2607421875","4294.25"
"4246.4853515625","4297.14990234375"
"4246.40380859375","4294.39990234375"
"4246.408203125","4294.60009765625"
"4246.11767578125","4295.35009765625"
"4246.08349609375","4299.7001953125"
"4245.92578125","4299.39990234375"
"4245.8427734375","4300.39990234375"
"4245.5234375","4297.64990234375"
"4245.5615234375","4299.35009765625"
"4245.3681640625","4299.2998046875"
"4245.1572265625","4297.64990234375"
"4245.18896484375","4296.7998046875"
"4245.25634765625","4297.2001953125"
"4245.11865234375","4298.89990234375"
"4244.98583984375","4297.2001953125"
"4245.29736328125","4298.2998046875"
"4245.28125","4299.35009765625"
"4245.271484375","4300.35009765625"
"4245.3818359375","4297.9501953125"
"4245.423828125","4298.35009765625"
"4245.671875","4298.64990234375"
"4245.9384765625","4298.25"
"4246.05859375","4298.0498046875"
"4245.9580078125","4298.14990234375"
"4245.8212890625","4298.9501953125"
"4245.72265625","4296.5498046875"
"4245.79541015625","4295.2998046875"
"4246.11962890625","4295.2998046875"
"4246.02880859375","4300.89990234375"
"4246.1904296875","4295.7001953125"
"4246.0732421875","4295.9501953125"
"4246.2177734375","4301.4501953125"
"4246.2314453125","4303.9501953125"
"4246.1005859375","4300.85009765625"
"4246.4091796875","4308.9501953125"
"4246.46533203125","4310.7998046875"
"4246.54248046875","4313.75"
"4246.677734375","4315.4501953125"
"4246.701171875","4318.35009765625"
"4246.6513671875","4318.60009765625"
"4246.42822265625","4320.4501953125"
"4246.119140625","4320.39990234375"
"4246.34130859375","4320.39990234375"
"4246.64501953125","4318.85009765625"
"4246.7568359375","4322"
"4246.7275390625","4324"
"4246.76171875","4324"
"4246.79638671875","4320.9501953125"
"4247.01171875","4325.0498046875"
"4247.1484375","4325.14990234375"
"4247.2724609375","4326.89990234375"
"4247.1904296875","4327.9501953125"
"4247.3701171875","4325.10009765625"
"4247.37109375","4326.2001953125"
"4247.646484375","4327.9501953125"
"4247.81103515625","4321.2001953125"
"4247.767578125","4321.4501953125"
"4247.7333984375","4310.0498046875"
"4247.88671875","4337.0498046875"
"4247.837890625","4347.64990234375"
"4248.06689453125","4338.60009765625"
"4248.0283203125","4335.7001953125"
"4248.0263671875","4333.35009765625"
"4247.9287109375","4331.60009765625"
"4247.82666015625","4337"
"4248.1494140625","4343"
"4248.09765625","4340.5498046875"
"4248.1455078125","4336.5498046875"
"4248.13427734375","4335.75"
"4248.1806640625","4340.2998046875"
"4248.0732421875","4340.10009765625"
"4248.091796875","4336"
"4248.07275390625","4335.10009765625"
"4248.16162109375","4328.2998046875"
"4248.1728515625","4330.85009765625"
"4248.02294921875","4336"
"4247.93115234375","4330.25"
"4247.78515625","4330.5"
"4221.3984375","4332.25"
"4172.1640625","4332.2998046875"
"4214.8408203125","4331.5"
"4201.0859375","4330.0498046875"
"4198.099609375","4323.10009765625"
"4244.599609375","4326.2001953125"
"4229.7138671875","4327.9501953125"
"4241.7001953125","4326.4501953125"
"4244.1982421875","4323.7001953125"
"4245.8837890625","4323.0498046875"
"4246.6220703125","4322.7001953125"
"4213.11376953125","4321.14990234375"
"4244.95849609375","4325.5"
"4244.58203125","4329.7998046875"
"4246.7158203125","4330.0498046875"
"4245.091796875","4329.0498046875"
"4234.6923828125","4329.64990234375"
"4248.33203125","4330.85009765625"
"4231.021484375","4330"
"4245.498046875","4329.35009765625"
"4244.1044921875","4330"
"4248.5029296875","4329.5"
"4246.63232421875","4329.9501953125"
"4248.03173828125","4328"
"4219.24462890625","4327.10009765625"
"4247.1005859375","4328.10009765625"
"4246.4736328125","4328.5"
"4245.763671875","4330"
"4248.8447265625","4332.89990234375"
"4249.248046875","4331.85009765625"
"4249.3154296875","4334.25"
"4249.541015625","4335.2001953125"
"4249.5830078125","4338"
"4249.6328125","4336.2001953125"
"4249.5439453125","4337.39990234375"
"4249.640625","4337.5"
"4249.681640625","4342.0498046875"
"4249.68408203125","4339.7001953125"
"4249.732421875","4335"
"4249.712890625","4332.9501953125"
"4249.6904296875","4333.4501953125"
"4249.69580078125","4333.7001953125"
"4249.7255859375","4330.89990234375"
"4249.619140625","4329.10009765625"
"4249.67138671875","4329.5"
"4249.6552734375","4327.4501953125"
"4249.67236328125","4328"
"4249.64013671875","4328.89990234375"
"4249.5693359375","4329.75"
"4249.63525390625","4328.85009765625"
"4249.6171875","4328.14990234375"
"4249.6240234375","4328.5498046875"
"4249.501953125","4328.5"
"4249.59423828125","4328.0498046875"
"4249.47705078125","4332.7001953125"
"4249.48681640625","4332.2998046875"
"4249.49853515625","4330"
"4249.51953125","4330"
"4249.48828125","4334.2001953125"
"4249.4482421875","4332.75"
"4249.39111328125","4331.2001953125"
"4249.36181640625","4331.4501953125"
"4249.4404296875","4336.0498046875"
"4249.47314453125","4337.35009765625"
"4249.44140625","4338.14990234375"
"4249.453125","4337.35009765625"
"4249.466796875","4335.39990234375"
"4249.52099609375","4332.89990234375"
"4249.49609375","4330.14990234375"
"4249.4716796875","4330.5498046875"
"4249.4609375","4329.14990234375"
"4249.4306640625","4329.14990234375"
"4249.466796875","4331.64990234375"
"4249.37109375","4327.60009765625"
"4249.357421875","4327.10009765625"
"4249.36474609375","4329.7998046875"
"4249.40625","4329.2998046875"
"4249.4208984375","4330.7998046875"
"4249.52734375","4327.39990234375"
"4249.42919921875","4327.64990234375"
"4249.5791015625","4327"
"4249.59375","4325.0498046875"
"4249.578125","4323.0498046875"
"4249.53515625","4323.10009765625"
"4249.56982421875","4320.89990234375"
"4249.56689453125","4324.4501953125"
"4249.580078125","4324.60009765625"
"4249.63671875","4324.10009765625"
"4249.47314453125","4325.25"
"4249.4990234375","4325.4501953125"
"4249.5537109375","4324.4501953125"
"4249.44873046875","4324.60009765625"
"4249.42431640625","4323.14990234375"
"4249.4130859375","4322.14990234375"
"4249.3486328125","4322"
"4249.28515625","4322.7998046875"
"4249.30908203125","4323.2998046875"
"4249.259765625","4322.75"
"4249.26953125","4323.9501953125"
"4249.2060546875","4323.7001953125"
"4249.22265625","4329"
"4249.228515625","4333"
"4249.3505859375","4330.64990234375"
"4249.2490234375","4329.7998046875"
"4249.1318359375","4328.0498046875"
"4249.33203125","4329.4501953125"
"4249.28125","4328.35009765625"
"4249.29296875","4329.9501953125"
"4249.24560546875","4330.64990234375"
"4249.3193359375","4332"
"4249.236328125","4330.35009765625"
"4244.88330078125","4332.7001953125"
"4249.2392578125","4330.14990234375"
"4249.3271484375","4329.0498046875"
"4249.4130859375","4330.35009765625"
"4249.4462890625","4328.39990234375"
"4249.400390625","4330"
"4249.353515625","4329.89990234375"
"4249.30078125","4330.5"
"4249.3232421875","4329.85009765625"
"4249.3056640625","4329.64990234375"
"4249.30859375","4330.7001953125"
"4249.27294921875","4331.5498046875"
"4249.19140625","4333"
"4249.22265625","4333.75"
"4249.3076171875","4334.39990234375"
"4249.2001953125","4332.89990234375"
"4249.13818359375","4330.75"
"4249.0712890625","4330.25"
"4249.18701171875","4330"
"4249.2021484375","4330.14990234375"
"4249.083984375","4329.7998046875"
"4248.9423828125","4327.89990234375"
"4248.99658203125","4327.85009765625"
"4248.6806640625","4326.5498046875"
"4248.955078125","4327.25"
"4248.9775390625","4327.9501953125"
"4249.01171875","4329.0498046875"
"4249.0244140625","4328.14990234375"
"4248.9951171875","4326.85009765625"
"4249.015625","4326.5"
"4249.03662109375","4325.4501953125"
"4249.0087890625","4324.89990234375"
"4248.9150390625","4329.60009765625"
"4248.91845703125","4330"
"4248.904296875","4327.7001953125"
"4248.9404296875","4328.7998046875"
"4248.9921875","4328.7998046875"
"4248.98779296875","4329"
"4248.98779296875","4329.75"
"4248.65625","4329.75"
"4249.2216796875","4327.39990234375"
"4249.1533203125","4326.9501953125"
"4249.1669921875","4326.9501953125"
"4249.1767578125","4327.7001953125"
"4249.154296875","4327.2998046875"
"4249.16455078125","4327.4501953125"
"4249.1787109375","4326.89990234375"
"4249.248046875","4327.0498046875"
"4249.2548828125","4326.35009765625"
"4249.2802734375","4325.7998046875"
"4249.2802734375","4325.60009765625"
"4249.2666015625","4325.85009765625"
"4249.28515625","4325.5"
"4249.365234375","4324.10009765625"
"4249.25830078125","4324.25"
"4249.25","4325.75"
"4249.2861328125","4326.25"
"4249.2939453125","4326.0498046875"
"4249.2978515625","4321.0498046875"
"4249.30908203125","4325.10009765625"
"4249.298828125","4324.5498046875"
"4249.3134765625","4324.85009765625"
"4249.2958984375","4325.4501953125"
"4249.3388671875","4322.25"
"4249.33935546875","4321.85009765625"
"4249.31396484375","4325.0498046875"
"4249.3818359375","4325.2001953125"
"4249.388671875","4325.0498046875"
"4249.37060546875","4324.85009765625"
"4249.45458984375","4323.14990234375"
"4249.2646484375","4325.10009765625"
"4249.2509765625","4324.9501953125"
"4249.2919921875","4323.64990234375"
"4249.251953125","4324.89990234375"
"4249.365234375","4325.0498046875"
"4248.5869140625","4325.0498046875"
"4249.23193359375","4324.35009765625"
"4249.19775390625","4324.9501953125"
"4249.16748046875","4324.14990234375"
"4249.1201171875","4325.10009765625"
"4249.1669921875","4325.5"
"4248.783203125","4324.60009765625"
"4248.63037109375","4324.89990234375"
"4249.2060546875","4324.5"
"4249.1728515625","4327.5498046875"
"4249.193359375","4326.5498046875"
"4249.20458984375","4326.0498046875"
"4249.21484375","4330.10009765625"
"4249.2119140625","4328.10009765625"
"4249.15234375","4330"
"4249.1279296875","4330"
"4249.1083984375","4330.10009765625"
"4249.2939453125","4330.39990234375"
"4249.28564453125","4333.60009765625"
"4249.16748046875","4332.0498046875"
"4249.173828125","4329.9501953125"
"4249.12548828125","4329.9501953125"
"4249.10302734375","4329.2998046875"
"4249.08349609375","4328.25"
"4249.0048828125","4329.10009765625"
"4248.5263671875","4328.75"
"4249.0126953125","4329.89990234375"
"4248.91455078125","4330.14990234375"
"4248.90673828125","4325.2001953125"
"4248.26318359375","4326.14990234375"
"4248.49755859375","4327.4501953125"
"4248.9462890625","4325.7998046875"
"4248.966796875","4325.5498046875"
"4248.4873046875","4334.75"
"4248.62060546875","4334.85009765625"
"4248.69140625","4336.9501953125"
"4248.8984375","4338.64990234375"
"4248.66845703125","4338.39990234375"
"4248.83544921875","4339.35009765625"
"4248.6416015625","4341.39990234375"
"4248.5029296875","4340.39990234375"
"4248.61181640625","4341.0498046875"
"4248.8115234375","4342.2998046875"
"4248.77978515625","4341.2001953125"
"4248.75830078125","4344.5498046875"
"4248.9111328125","4340.85009765625"
"4248.8037109375","4340.7001953125"
"4248.81640625","4339.2998046875"
"4248.71533203125","4339.9501953125"
"4248.8701171875","4339.4501953125"
"4248.8701171875","4338"
"4248.8046875","4336.85009765625"
"4248.7783203125","4338.2998046875"
"4248.8994140625","4340"
"4248.9326171875","4339.9501953125"
"4248.9423828125","4338.0498046875"
"4248.84033203125","4332.4501953125"
"4248.9052734375","4323.25"
"4248.873046875","4329.85009765625"
"4249.05859375","4328.9501953125"
"4248.986328125","4330.10009765625"
"4248.99951171875","4334.14990234375"
"4249.07763671875","4331.85009765625"
"4249.0703125","4330.5498046875"
"4249.103515625","4333.64990234375"
"4249.11865234375","4333.2001953125"
"4249.208984375","4334.60009765625"
"4249.1953125","4336.60009765625"
"4249.1875","4335.75"
"4249.216796875","4336.75"
"4249.21484375","4337.14990234375"
"4249.1796875","4335.2998046875"
"4249.1875","4336.60009765625"
"4249.1796875","4337.0498046875"
"4249.2783203125","4336.9501953125"
"4249.16357421875","4338.14990234375"
"4249.15625","4337.5498046875"
"4249.15625","4340"
"4249.0078125","4344.9501953125"
"4248.8974609375","4345.7998046875"
"4249.0537109375","4347.89990234375"
"4249","4345.7998046875"
"4248.9443359375","4345.0498046875"
"4248.8310546875","4350"
"4248.8466796875","4350.5498046875"
"4249.20166015625","4350"
"4249.03125","4345.5498046875"
"4249.34033203125","4340.9501953125"
"4249.30517578125","4343.35009765625"
"4249.3955078125","4344.2001953125"
"4249.4306640625","4344"
"4249.44384765625","4343.2998046875"
"4249.5517578125","4346.14990234375"
"4249.3994140625","4345.4501953125"
"4249.4560546875","4343.0498046875"
"4249.458984375","4342.9501953125"
"4206.2431640625","4342.2001953125"
"4249.43310546875","4340.9501953125"
"4249.26953125","4342.7001953125"
"4249.427734375","4342.75"
"4248.5966796875","4343.60009765625"
"4249.1767578125","4344.64990234375"
"4249.314453125","4344.7998046875"
"4249.35400390625","4345.7001953125"
"4249.3486328125","4349.39990234375"
"4249.2822265625","4346.39990234375"
"4249.1826171875","4345.39990234375"
"4248.94189453125","4347.5"
"4248.625","4344.60009765625"
"4249.01806640625","4345.14990234375"
"4241.2587890625","4347"
"4249.013671875","4350"
"4248.9736328125","4350.14990234375"
"4249.02783203125","4351.0498046875"
"4249.2001953125","4350"
"4249.140625","4351.75"
"4249.1376953125","4350.64990234375"
"4249.142578125","4351.7001953125"
"4249.27197265625","4350.85009765625"
"4249.296875","4351.60009765625"
"4249.2900390625","4350"
"4249.2939453125","4350.2998046875"
"4249.416015625","4352.64990234375"
"4249.326171875","4352"
"4249.3251953125","4351"
"4249.33056640625","4351.2998046875"
"4249.2998046875","4351.89990234375"
"4249.3427734375","4350.5498046875"
"4249.40673828125","4352.7001953125"
"4249.421875","4355.7998046875"
"4249.4990234375","4359.39990234375"
"4249.49853515625","4359.2998046875"
"4249.5205078125","4358.64990234375"
"4249.490234375","4362.0498046875"
"4249.470703125","4360"
"4249.61181640625","4361.85009765625"
"4249.5322265625","4365"
"4249.509765625","4364.5"
"4249.51904296875","4362.9501953125"
"4249.5439453125","4360.2001953125"
"4249.5498046875","4360.0498046875"
"4249.54150390625","4356.9501953125"
"4249.50732421875","4355"
"4249.49267578125","4354.9501953125"
"4249.4990234375","4352.85009765625"
"4249.482421875","4350.89990234375"
"4249.505859375","4351.39990234375"
"4249.4716796875","4351.2001953125"
"4249.453125","4354.60009765625"
"4249.43359375","4353"
"4249.453125","4352.5498046875"
"4249.4912109375","4356.89990234375"
"4249.5078125","4357.5498046875"
"4249.51806640625","4356.0498046875"
"4249.53564453125","4353.39990234375"
"4249.55078125","4352.7001953125"
"4249.509765625","4351.25"
"4249.4951171875","4353.75"
"4249.50390625","4351.89990234375"
"4249.4970703125","4350.5"
"4249.5263671875","4352.10009765625"
"4249.501953125","4351.39990234375"
"4249.646484375","4350.9501953125"
"4249.544921875","4350.7998046875"
"4249.56982421875","4350.2998046875"
"4249.646484375","4350.64990234375"
"4249.5615234375","4350"
"4249.578125","4350.35009765625"
"4249.58544921875","4365.35009765625"
"4249.5703125","4350"
"4249.595703125","4351"
"4249.59130859375","4347"
"4249.60302734375","4352.39990234375"
"4249.63330078125","4350.2001953125"
"4249.6435546875","4373"
"4249.5966796875","4374.39990234375"
"4249.61376953125","4370.89990234375"
"4249.6162109375","4365.2998046875"
"4249.6787109375","4361"
"4249.517578125","4356.39990234375"
"4249.58154296875","4351.85009765625"
"4249.5009765625","4361"
"4249.6044921875","4367"
"4249.634765625","4365.35009765625"
"4249.6982421875","4361.64990234375"
"4249.7041015625","4360"
"4249.6376953125","4359.75"
"4249.6357421875","4355.39990234375"
"4249.7060546875","4355"
"4249.7158203125","4353.2998046875"
"4249.673828125","4352.9501953125"
"4249.6201171875","4352"
"4249.59765625","4350.2998046875"
"4249.5439453125","4350.60009765625"
"4249.4345703125","4347.2001953125"
"4249.361328125","4346.25"
"4249.30712890625","4350.9501953125"
"4249.380859375","4350.35009765625"
"4248.51318359375","4353.0498046875"
"4249.3251953125","4352.2001953125"
"4249.1357421875","4354"
"4249.47412109375","4355"
"4249.47802734375","4353.10009765625"
"4249.0712890625","4356.14990234375"
"4249.2724609375","4358.10009765625"
"4249.2861328125","4356.2998046875"
"4249.12548828125","4351.5"
"4248.37255859375","4356.25"
"4248.95263671875","4356.64990234375"
"4249.103515625","4357.10009765625"
"4249.0751953125","4358.5"
"4249.220703125","4360.39990234375"
"4249.107421875","4361.39990234375"
"4249.08203125","4360.9501953125"
"4249.041015625","4360.25"
"4248.79833984375","4365.0498046875"
"4248.6875","4365.64990234375"
"4243.4453125","4366"
"4248.9658203125","4365.85009765625"
"4249.5546875","4365.2001953125"
"4248.5615234375","4367.89990234375"
"4248.81005859375","4366.0498046875"
"4249.169921875","4372.4501953125"
"4249.25048828125","4374.2998046875"
"4249.2265625","4371.60009765625"
"4249.5791015625","4368.14990234375"
"4249.607421875","4366.39990234375"
"4249.61865234375","4366.89990234375"
"4249.54638671875","4369.35009765625"
"4249.580078125","4369.2001953125"
"4249.30908203125","4366.89990234375"
"4249.4169921875","4365.7001953125"
"4249.466796875","4364"
"4249.51904296875","4362.89990234375"
"4249.5322265625","4361.2998046875"
"4249.48583984375","4359.5"
"4249.6435546875","4360.89990234375"
"4249.5341796875","4360"
"4249.40625","4360.35009765625"
"4249.32763671875","4360.25"
"4249.30029296875","4359.75"
"4249.41015625","4360.0498046875"
"4249.30078125","4360.7998046875"
"4249.2392578125","4358.5"
"4249.06982421875","4358.5"
"4249.06787109375","4358.7998046875"
"4248.84765625","4358"
"4248.9716796875","4360.25"
"4248.8642578125","4359.25"
"4248.994140625","4360"
"4249.345703125","4359.14990234375"
"4249.37939453125","4359.10009765625"
"4249.3671875","4360.2998046875"
"4249.13720703125","4360.5498046875"
"4249.4013671875","4360"
"4249.4287109375","4359"
"4249.49609375","4358.5498046875"
"4249.5283203125","4358.5"
"4249.5263671875","4358.85009765625"
"4249.650390625","4358.10009765625"
"4249.5537109375","4356.25"
"4249.529296875","4355.7001953125"
"4249.54931640625","4355"
"4249.57568359375","4355.0498046875"
"4249.5859375","4353"
"4249.4072265625","4353.2998046875"
"4249.52685546875","4351.0498046875"
"4249.4931640625","4351.85009765625"
"4249.580078125","4353.2001953125"
"4249.5791015625","4352.10009765625"
"4249.5986328125","4353"
"4249.650390625","4353.14990234375"
"4249.671875","4354.2001953125"
"4249.5390625","4352.2998046875"
"4249.66796875","4351.7001953125"
"4249.7001953125","4351"
"4249.677734375","4351.75"
"4249.705078125","4352.89990234375"
"4249.6650390625","4351"
"4249.6650390625","4351"
"4249.6806640625","4351.0498046875"
"4249.6416015625","4347.60009765625"
"4249.6533203125","4350.39990234375"
"4249.6455078125","4348.35009765625"
"4249.6015625","4346"
"4249.5009765625","4347.5498046875"
"4249.44140625","4348.14990234375"
"4249.4248046875","4351.4501953125"
"4249.40625","4350"
"4249.40234375","4349.75"
"4249.3623046875","4350.10009765625"
"4249.21044921875","4350.10009765625"
"4249.2587890625","4350.5"
"4249.4462890625","4350.2001953125"
"4249.431640625","4349.4501953125"
"4249.42578125","4349"
"4249.32080078125","4349.60009765625"
"4249.19189453125","4349"
"4249.30859375","4347"
"4249.2900390625","4346.4501953125"
"4249.2900390625","4347.10009765625"
"4249.298828125","4347.64990234375"
"4249.310546875","4347.14990234375"
"4249.3369140625","4345.5"
"4249.3720703125","4345.5"
"4249.4365234375","4345.89990234375"
"4249.37744140625","4345.14990234375"
"4249.33154296875","4345.0498046875"
"4249.462890625","4345.0498046875"
"4249.306640625","4345.2998046875"
"4249.21142578125","4345.64990234375"
"4249.21142578125","4347.9501953125"
"4249.21875","4348.60009765625"
"4249.06787109375","4348.2001953125"
"4249.033203125","4349"
"4248.8212890625","4349.75"
"4249.04296875","4353.2998046875"
"4249.0126953125","4352.89990234375"
"4248.72607421875","4351.2001953125"
"4248.8349609375","4355.14990234375"
"4248.87451171875","4358.5"
"4248.9423828125","4356.7998046875"
"4248.9765625","4359.5"
"4249.1904296875","4364.7001953125"
"4249.150390625","4356.5498046875"
"4249.14697265625","4353"
"4248.916015625","4345.10009765625"
"4249.015625","4347.7001953125"
"4249.13623046875","4346.0498046875"
"4249.27587890625","4347.60009765625"
"4249.25634765625","4347"
"4247.68017578125","4346.7001953125"
"4249.1259765625","4348.7998046875"
"4248.9755859375","4352.35009765625"
"4249.0185546875","4351.89990234375"
"4249.18603515625","4350.60009765625"
"4248.8251953125","4348.60009765625"
"4248.6240234375","4348.60009765625"
"4249.1962890625","4350"
"4248.880859375","4348.89990234375"
"4249.0048828125","4349.7998046875"
"4249.01708984375","4349.7998046875"
"4249.00146484375","4351"
"4249.234375","4350.5"
"4249.0986328125","4350.25"
"4249.2158203125","4351.10009765625"
"4249.0869140625","4350.9501953125"
"4249.2861328125","4350.0498046875"
"4249.0546875","4351.75"
"4249.146484375","4351.60009765625"
"4249.2568359375","4350.39990234375"
"4249.2158203125","4351.2998046875"
"4249.1748046875","4350.39990234375"
"4249.15869140625","4355.2998046875"
"4249.05078125","4356.2998046875"
"4249.1484375","4356.5498046875"
"4249.08154296875","4364"
"4248.912109375","4360.14990234375"
"4249.11767578125","4352.14990234375"
"4249.1474609375","4352.0498046875"
"4249.0634765625","4351.5"
"4249.0107421875","4350"
"4249.30029296875","4351.75"
"4249.1083984375","4352.2001953125"
"4249.3369140625","4350.85009765625"
"4249.158203125","4357.60009765625"
"4249.2333984375","4361.7998046875"
"4249.2333984375","4357.10009765625"
"4249.27099609375","4357.60009765625"
"4246.40625","4357.0498046875"
"4248.84228515625","4358.4501953125"
"4249.39892578125","4358.5498046875"
"4249.29638671875","4358.39990234375"
"4249.21826171875","4358.5"
"4249.3544921875","4360.5"
"4249.265625","4358.14990234375"
"4249.09375","4357.7998046875"
"4248.943359375","4355.35009765625"
"4248.822265625","4355"
"4249","4354.39990234375"
"4249.21337890625","4353.7001953125"
"4249.1982421875","4355.4501953125"
"4249.0654296875","4356.2998046875"
"4249.1279296875","4353.5498046875"
"4249.232421875","4353.10009765625"
"4249.26708984375","4353.35009765625"
"4249.1396484375","4354.10009765625"
"4249.10546875","4355.5"
"4249.046875","4354.85009765625"
"4249.125","4357.10009765625"
"4249.1533203125","4356.60009765625"
"4249.2041015625","4357.75"
"4249.22314453125","4359.14990234375"
"4249.38720703125","4360.2001953125"
"4249.39111328125","4359.9501953125"
"4249.3408203125","4359.60009765625"
"4249.3408203125","4358.5"
"4249.3251953125","4357.5"
"4249.43115234375","4358.5498046875"
"4249.435546875","4358.60009765625"
"4249.39794921875","4357.7998046875"
"4249.5380859375","4358.7001953125"
"4249.4443359375","4356.75"
"4249.4140625","4357.0498046875"
"4249.5517578125","4355.5"
"4249.59033203125","4356.35009765625"
"4249.6806640625","4354.7001953125"
"4249.6533203125","4355.39990234375"
"4249.60888671875","4353.60009765625"
"4249.5908203125","4354.10009765625"
"4249.541015625","4354.4501953125"
"4249.5234375","4354.2998046875"
"4249.626953125","4354.35009765625"
"4249.56298828125","4353.85009765625"
"4249.544921875","4354"
"4249.560546875","4353.7998046875"
"4249.69091796875","4353.7001953125"
"4249.68212890625","4353.7001953125"
"4249.6279296875","4356"
"4249.6318359375","4360.7998046875"
"4249.7021484375","4362.4501953125"
"4249.693359375","4360"
"4249.71875","4360.39990234375"
"4249.71630859375","4356.7001953125"
"4249.72265625","4355.7001953125"
"4249.7431640625","4360.7998046875"
"4249.7177734375","4358.5"
"4249.67431640625","4356.64990234375"
"4249.6943359375","4356.9501953125"
"4249.65625","4356"
"4249.63525390625","4355.0498046875"
"4249.6474609375","4356.2001953125"
"4249.6552734375","4356.14990234375"
"4249.671875","4356"
"4249.642578125","4356.2998046875"
"4249.650390625","4353"
"4249.71728515625","4355.39990234375"
"4249.7275390625","4352.89990234375"
"4249.64208984375","4354.7001953125"
"4249.6494140625","4353.25"
"4249.66259765625","4354.5"
"4249.67431640625","4354.9501953125"
"4249.6943359375","4354.0498046875"
"4249.724609375","4355.9501953125"
"4249.72216796875","4355.85009765625"
"4249.7353515625","4355.10009765625"
"4249.703125","4354.10009765625"
"4249.7001953125","4354"
"4249.7080078125","4354"
"4249.7294921875","4354.2998046875"
"4249.72265625","4352"
"4249.6923828125","4350"
"4249.7138671875","4350.0498046875"
"4249.70263671875","4350.7001953125"
"4249.701171875","4350.5498046875"
"4249.6923828125","4350.0498046875"
"4249.67919921875","4351.7998046875"
"4249.662109375","4350.14990234375"
"4249.642578125","4350"
"4249.65478515625","4350.39990234375"
"4249.6572265625","4350.25"
"4249.646484375","4350.2998046875"
"4249.6474609375","4350"
"4249.61669921875","4345"
"4249.6337890625","4345"
"4249.63525390625","4345"
"4249.60107421875","4341.4501953125"
"4249.708984375","4340.5"
"4249.7080078125","4335.75"
"4249.6865234375","4335.5"
"4249.7607421875","4334.85009765625"
"4249.73828125","4335.2001953125"
"4249.72265625","4339"
"4249.69189453125","4338.64990234375"
"4249.68505859375","4338.2001953125"
"4249.6767578125","4338.89990234375"
"4249.69580078125","4337.0498046875"
"4249.69873046875","4338.5"
"4249.68359375","4337.2001953125"
"4249.69921875","4338.35009765625"
"4249.6669921875","4338.7998046875"
"4249.75537109375","4337.25"
"4249.69921875","4338.14990234375"
"4249.7001953125","4338.2001953125"
"4249.74755859375","4338.14990234375"
"4249.64111328125","4338.9501953125"
"4249.6669921875","4340.85009765625"
"4249.654296875","4340.60009765625"
"4249.732421875","4340.2001953125"
"4249.6396484375","4338.5"
"4249.7939453125","4337.10009765625"
"4249.70703125","4337.5"
"4249.662109375","4337.2001953125"
"4249.71728515625","4337.7998046875"
"4249.697265625","4337.14990234375"
"4249.69775390625","4337.2998046875"
"4249.6435546875","4339"
"4249.671875","4337.0498046875"
"4249.6591796875","4338.64990234375"
"4249.66552734375","4336.0498046875"
"4248.03271484375","4338.10009765625"
"4249.583984375","4338.2001953125"
"4249.6259765625","4335.9501953125"
"4249.54443359375","4333.2001953125"
"4249.54296875","4331.10009765625"
"4249.51025390625","4330"
"4249.5478515625","4332"
"4249.53271484375","4330.5"
"4249.5224609375","4330"
"4249.5185546875","4329.9501953125"
"4249.5322265625","4328.60009765625"
"4249.533203125","4326.7998046875"
"4249.5087890625","4325.0498046875"
"4249.435546875","4325.0498046875"
"4249.455078125","4330.89990234375"
"4249.28125","4329.9501953125"
"4249.2255859375","4330.14990234375"
"4249.25244140625","4331.0498046875"
"4248.80712890625","4333.39990234375"
"4248.96728515625","4333.0498046875"
"4248.96044921875","4331.2998046875"
"4248.9990234375","4334.64990234375"
"4248.52197265625","4333.39990234375"
"4249.0185546875","4330.9501953125"
"4249.17236328125","4330.35009765625"
"4249.0537109375","4331.2001953125"
"4249.07373046875","4332.5498046875"
"4249.23876953125","4335"
"4249.1337890625","4334.5498046875"
"4249.2919921875","4334.2998046875"
"4249.16015625","4336.4501953125"
"4249.16357421875","4331.2998046875"
"4249.1875","4335"
"4249.2392578125","4333.85009765625"
"4249.203125","4335.5"
"4249.35693359375","4336.0498046875"
"4249.18359375","4334.60009765625"
"4249.248046875","4334.25"
"4249.1533203125","4332.85009765625"
"4249.2001953125","4333.25"
"4248.9150390625","4334.60009765625"
"4249.17578125","4302.9501953125"
"4249.2314453125","4337.14990234375"
"4249.2353515625","4327.75"
"4249.2314453125","4330.75"
"4249.251953125","4322.89990234375"
"4249.1826171875","4319.7998046875"
"4249.12353515625","4315.60009765625"
"4249.326171875","4316.75"
"4249.2392578125","4311.9501953125"
"4249.25","4309.2001953125"
"4249.306640625","4309.9501953125"
"4249.2822265625","4311.85009765625"
"4249.23486328125","4308.9501953125"
"4249.171875","4306.5498046875"
"4249.080078125","4300.89990234375"
"4249.228515625","4300"
"4249.09814453125","4298.0498046875"
"4249.09228515625","4300.0498046875"
"4249.0224609375","4296.39990234375"
"4248.93408203125","4296.85009765625"
"4248.9951171875","4296.0498046875"
"4248.3828125","4298.85009765625"
"4248.65771484375","4300.5"
"4248.4609375","4300.2001953125"
"4248.7509765625","4300.10009765625"
"4248.3525390625","4300.25"
"4248.8212890625","4297.9501953125"
"4248.7099609375","4300"
"4248.9072265625","4303.7001953125"
"4248.912109375","4307.89990234375"
"4248.228515625","4309.64990234375"
"4249.0244140625","4306.64990234375"
"4249.029296875","4305"
"4248.99267578125","4310.64990234375"
"4248.98828125","4311.5"
"4248.73291015625","4310.75"
"4249.1796875","4311.7001953125"
"4249.1240234375","4312.10009765625"
"4248.9423828125","4306.35009765625"
"4248.99560546875","4304.0498046875"
"4249.212890625","4302.60009765625"
"4249.03955078125","4305"
"4249.12451171875","4304.14990234375"
"4249.18408203125","4302.35009765625"
"4249.2939453125","4300"
"4249.24365234375","4302.39990234375"
"4249.26171875","4302.25"
"4249.2412109375","4302.9501953125"
"4249.265625","4308.60009765625"
"4249.380859375","4309.85009765625"
"4249.302734375","4308.25"
"4249.255859375","4308.4501953125"
"4249.048828125","4303.35009765625"
"4248.041015625","4305.89990234375"
"4248.365234375","4305.0498046875"
"4248.43359375","4308.35009765625"
"4248.41748046875","4307.14990234375"
"4247.2568359375","4314.4501953125"
"4248.0224609375","4316.5498046875"
"4247.8759765625","4314.64990234375"
"4247.48046875","4314.39990234375"
"4247.275390625","4310.5498046875"
"4247.5732421875","4310.25"
"4247.21875","4312.85009765625"
"4245.365234375","4312.2001953125"
"4245.076171875","4311.9501953125"
"4245.79541015625","4311.60009765625"
"4245.39453125","4310.7001953125"
"4244.25439453125","4309.10009765625"
"4242.67578125","4310.35009765625"
"4242.998046875","4310.89990234375"
"4243.7841796875","4312.5"
"4243.60009765625","4314"
"4244.4208984375","4315.7998046875"
"4243.8798828125","4316.14990234375"
"4244.78515625","4312.2001953125"
"4245.6591796875","4312.85009765625"
"4244.40478515625","4313.85009765625"
"4244.8583984375","4307"
"4244.8662109375","4295"
"4246.21337890625","4297.14990234375"
"4246.474609375","4301.4501953125"
"4246.4892578125","4292.39990234375"
"4246.8740234375","4286.60009765625"
"4246.900390625","4279.10009765625"
"4247.2861328125","4281.14990234375"
"4247.4599609375","4276.2001953125"
"4247.53125","4276.7001953125"
"4247.7490234375","4282.14990234375"
"4247.5791015625","4282.7998046875"
"4247.4072265625","4283"
"4247.654296875","4278.64990234375"
"4247.564453125","4279.14990234375"
"4247.5224609375","4273.7998046875"
"4247.48046875","4265.10009765625"
"4247.38330078125","4267"
"4247.43994140625","4268.2001953125"
"4247.45703125","4265.25"
"4247.484375","4269"
"4247.73974609375","4266"
"4247.7255859375","4267.39990234375"
"4247.818359375","4269.10009765625"
"4247.60595703125","4268"
"4247.6318359375","4270.25"
"4247.69140625","4269.75"
"4247.71484375","4274.85009765625"
"4247.8828125","4275.75"
"4248","4279.89990234375"
"4248.189453125","4279.75"
"4248.25927734375","4280.7998046875"
"4248.3828125","4280.10009765625"
"4248.271484375","4282.85009765625"
"4248.29296875","4282.5498046875"
"4248.48046875","4282.10009765625"
"4248.44775390625","4280"
"4248.4921875","4279.9501953125"
"4248.53564453125","4281.10009765625"
"4248.5615234375","4281"
"4248.42626953125","4278.89990234375"
"4248.5302734375","4274.5"
"4248.525390625","4277.4501953125"
"4248.5244140625","4277.4501953125"
"4248.6845703125","4275.5"
"4248.72216796875","4268.14990234375"
"4248.68701171875","4274.5498046875"
"4248.689453125","4272.39990234375"
"4248.6220703125","4275"
"4248.6416015625","4273.14990234375"
"4248.583984375","4274.7998046875"
"4247.9208984375","4268.85009765625"
"4247.08984375","4267.5"
"4246.0263671875","4269.64990234375"
"4247.068359375","4267.2998046875"
"4246.0361328125","4265.14990234375"
"4242.2060546875","4265.2001953125"
"4239.1240234375","4265"
"4238.13916015625","4264.5"
"4230.2021484375","4262.35009765625"
"4236.4345703125","4260.0498046875"
"4239.1513671875","4258"
"4238.02978515625","4262.39990234375"
"4237.4931640625","4257.14990234375"
"4234.96484375","4257.64990234375"
"4237.19482421875","4259"
"4232.37890625","4263.9501953125"
"4223.541015625","4266.7001953125"
"4225.8740234375","4264.9501953125"
"4228.89013671875","4261.39990234375"
"4230.32373046875","4258.5498046875"
"4230.310546875","4257.5498046875"
"4228.14453125","4257.14990234375"
"4228.30419921875","4258.0498046875"
"4228.169921875","4257.89990234375"
"4227.43359375","4255.5498046875"
"4228.345703125","4255.10009765625"
"4230.306640625","4259.25"
"4234.3486328125","4264.5498046875"
"4232.689453125","4260.4501953125"
"4238.599609375","4258.89990234375"
"4239.9609375","4258.9501953125"
"4239.96875","4258.75"
"4240.0908203125","4255.5"
"4240.607421875","4257.14990234375"
"4241.42529296875","4255"
"4241.63232421875","4250.85009765625"
"4241.32080078125","4250.39990234375"
"4241.05078125","4251.5498046875"
"4242.2607421875","4246.2998046875"
"4242.4130859375","4250"
"4241.87255859375","4249.2001953125"
"4241.02734375","4247.5498046875"
"4241.5146484375","4248.7001953125"
"4241.806640625","4250"
"4240.283203125","4250.14990234375"
"4238.82568359375","4249.7001953125"
"4239.3759765625","4249.85009765625"
"4238.92431640625","4251.7998046875"
"4240.09375","4253.10009765625"
"4240.49658203125","4251.35009765625"
"4240.6904296875","4251.4501953125"
"4238.58984375","4252.10009765625"
"4239.23876953125","4252.0498046875"
"4239.400390625","4250.5"
"4237.6943359375","4251.35009765625"
"4237.455078125","4250.2998046875"
"4237.376953125","4250.2998046875"
"4237.14453125","4249.7998046875"
"4237.6376953125","4248.39990234375"
"4235.35986328125","4249.2998046875"
"4233.73046875","4246"
"4233.77001953125","4246.85009765625"
"4236.10302734375","4245.2001953125"
"4233.07421875","4249.7001953125"
"4234.041015625","4250.9501953125"
"4234.47412109375","4250.5"
"4236.35009765625","4250.14990234375"
"4237.55419921875","4251.75"
"4237.0810546875","4252.2998046875"
"4236.6240234375","4251.10009765625"
"4235.3876953125","4247.75"
"4234.380859375","4245.4501953125"
"4234.6416015625","4242.5498046875"
"4235.3642578125","4241.25"
"4235.20703125","4236.89990234375"
"4234.5537109375","4236.0498046875"
"4235.9833984375","4239.35009765625"
"4237.154296875","4236.75"
"4237.8056640625","4240.64990234375"
"4237.0029296875","4242.64990234375"
"4236.38037109375","4241.64990234375"
"4236.4892578125","4242.5"
"4235.853515625","4244.5498046875"
"4235.7841796875","4244.7998046875"
"4235.62451171875","4245.10009765625"
"4234.6669921875","4244.75"
"4233.0576171875","4248.25"
"4232.8291015625","4250.64990234375"
"4232.9169921875","4248.9501953125"
"4231.65673828125","4248.39990234375"
"4232.75341796875","4249.64990234375"
"4231.75927734375","4250.64990234375"
"4231.19140625","4251.9501953125"
"4231.29150390625","4250"
"4232.02001953125","4250"
"4232.2392578125","4252"
"4232.53466796875","4245.9501953125"
"4232.55078125","4247"
"4233.08740234375","4246.85009765625"
"4234.22900390625","4248.4501953125"
"4233.3466796875","4245.7001953125"
"4233.52734375","4243.14990234375"
"4234.109375","4245.2001953125"
"4233.79248046875","4244.25"
"4233.4296875","4242.2998046875"
"4233.51806640625","4237.5"
"4233.6103515625","4237.64990234375"
"4233.89013671875","4240.0498046875"
"4233.5048828125","4241.2998046875"
"4233.533203125","4238.2001953125"
"4233.07763671875","4241.25"
"4232.15234375","4240.5"
"4231.9697265625","4238"
"4232.052734375","4239"
"4233.6728515625","4239.64990234375"
"4233.3642578125","4240.2001953125"
"4234.1044921875","4242.10009765625"
"4234.3798828125","4242.7001953125"
"4234.6162109375","4245.25"
"4234.443359375","4244.2001953125"
"4233.91796875","4245.5"
"4232.64208984375","4244.2001953125"
"4231.79541015625","4245"
"4230.314453125","4246.39990234375"
"4228.60400390625","4247.4501953125"
"4227.59375","4247.60009765625"
"4227.568359375","4249.2001953125"
"4227.884765625","4246.35009765625"
"4226.5546875","4248.9501953125"
"4227.478515625","4246.60009765625"
"4228.37548828125","4244"
"4228.35546875","4244.2998046875"
"4229.55908203125","4243.5"
"4229.56005859375","4241.60009765625"
"4229.994140625","4236.89990234375"
"4230.30029296875","4237.0498046875"
"4230.4736328125","4239.35009765625"
"4231.419921875","4237.7998046875"
"4232.609375","4241"
"4232.4775390625","4246.25"
"4232.3818359375","4246.2998046875"
"4233.05078125","4246.7001953125"
"4233.49267578125","4243.64990234375"
"4233.97021484375","4247.39990234375"
"4234.33544921875","4248.85009765625"
"4234.18408203125","4249.2001953125"
"4233.38671875","4251.14990234375"
"4232.783203125","4251.85009765625"
"4232.91796875","4255.85009765625"
"4232.9501953125","4259"
"4233.06787109375","4259.5"
"4232.17529296875","4263"
"4231.38623046875","4261.39990234375"
"4231.84619140625","4268.7001953125"
"4231.2978515625","4268.9501953125"
"4230.02783203125","4275"
"4227.2841796875","4276.7998046875"
"4228.34765625","4270.10009765625"
"4228.98681640625","4271.2998046875"
"4228.548828125","4274.2001953125"
"4228.2880859375","4269.5498046875"
"4228.26123046875","4272"
"4227.572265625","4274.0498046875"
"4226.67041015625","4277.5498046875"
"4226.58984375","4278"
"4224.07177734375","4278"
"4225.50244140625","4273.85009765625"
"4226.7314453125","4269"
"4227.96728515625","4266.75"
"4229.9345703125","4253.39990234375"
"4230.2880859375","4236.2998046875"
"4230.5478515625","4258.25"
"4230.17919921875","4254.7001953125"
"4231.0498046875","4248.5498046875"
"4231.7333984375","4245.5"
"4232.4697265625","4253.25"
"4233.0947265625","4250"
"4233.599609375","4247.5498046875"
"4232.9169921875","4248.25"
"4233.505859375","4247.89990234375"
"4232.2109375","4249.89990234375"
"4231.8828125","4248.35009765625"
"4231.916015625","4255.85009765625"
"4231.8857421875","4255.60009765625"
"4230.4404296875","4254.85009765625"
"4229.3486328125","4258.85009765625"
"4228.24755859375","4262.25"
"4229.0478515625","4265.7998046875"
"4228.994140625","4266.4501953125"
"4229.5791015625","4267.5"
"4231.1943359375","4261.7001953125"
"4231.75244140625","4259.0498046875"
"4231.0400390625","4263.4501953125"
"4230.81298828125","4263.14990234375"
"4231.3369140625","4262.2001953125"
"4232.3818359375","4257.5498046875"
"4232.8330078125","4255.85009765625"
"4233.3115234375","4251"
"4234.65576171875","4255"
"4235.765625","4254.64990234375"
"4236.5625","4251.2998046875"
"4237.68359375","4251.89990234375"
"4238.2734375","4250.7001953125"
"4239.056640625","4253.35009765625"
"4240.462890625","4252.60009765625"
"4241.0302734375","4250.10009765625"
"4242.2802734375","4250.60009765625"
"4242.6474609375","4249.60009765625"
"4242.44140625","4253.2001953125"
"4243.0595703125","4255"
"4243.4052734375","4257.5"
"4243.2421875","4253.75"
"4243.70556640625","4248.35009765625"
"4243.95703125","4250.35009765625"
"4244.595703125","4252.25"
"4244.71728515625","4246.85009765625"
"4244.5009765625","4245.5498046875"
"4243.984375","4238.14990234375"
"4243.9833984375","4238.85009765625"
"4242.9384765625","4240.7998046875"
"4230.31884765625","4240.2998046875"
"4207.34765625","4244.0498046875"
"4240.84375","4240.60009765625"
"4239.2841796875","4245.75"
"4237.2763671875","4250.35009765625"
"4235.62109375","4250.7998046875"
"4236.5830078125","4248.64990234375"
"4235.7939453125","4245.75"
"4234.33056640625","4245.2001953125"
"4234.3818359375","4245.10009765625"
"4233.77587890625","4245.2001953125"
"4233.8037109375","4245.7001953125"
"4231.6513671875","4244.14990234375"
"4235.73486328125","4245.39990234375"
"4235.94921875","4242.7001953125"
"4235.318359375","4240"
"4236.1845703125","4241.5"
"4238.083984375","4245.9501953125"
"4238.791015625","4245.75"
"4239.67822265625","4248.35009765625"
"4239.2880859375","4255"
"4239.2158203125","4253.9501953125"
"4238.9248046875","4256.85009765625"
"4239.52978515625","4255.4501953125"
"4239.416015625","4253.64990234375"
"4239.03662109375","4250"