Datetime,Predicted
2024-11-29 03:45:00+00:00,5391.323
2024-11-29 03:46:00+00:00,5407.4546
2024-11-29 03:47:00+00:00,5410.5737
2024-11-29 03:48:00+00:00,5421.83
2024-11-29 03:49:00+00:00,5421.7334
2024-11-29 03:50:00+00:00,5420.901
2024-11-29 03:51:00+00:00,5413.32
2024-11-29 03:52:00+00:00,5420.35
2024-11-29 03:53:00+00:00,5415.4604
2024-11-29 03:54:00+00:00,5412.482
2024-11-29 03:55:00+00:00,5418.4575
2024-11-29 03:56:00+00:00,5424.6494
2024-11-29 03:57:00+00:00,5431.4175
2024-11-29 03:58:00+00:00,5424.403
2024-11-29 03:59:00+00:00,5432.251
2024-11-29 04:00:00+00:00,5427.201
2024-11-29 04:01:00+00:00,5424.2046
2024-11-29 04:02:00+00:00,5423.0127
2024-11-29 04:03:00+00:00,5423.3735
2024-11-29 04:04:00+00:00,5421.0127
2024-11-29 04:05:00+00:00,5413.2085
2024-11-29 04:06:00+00:00,5425.0415
2024-11-29 04:07:00+00:00,5420.2896
2024-11-29 04:08:00+00:00,5426.3975
2024-11-29 04:09:00+00:00,5425.7734
2024-11-29 04:10:00+00:00,5419.1855
2024-11-29 04:11:00+00:00,5415.449
2024-11-29 04:12:00+00:00,5424.2603
2024-11-29 04:13:00+00:00,5420.044
2024-11-29 04:14:00+00:00,5416.543
2024-11-29 04:15:00+00:00,5425.5225
2024-11-29 04:16:00+00:00,5427.0522
2024-11-29 04:17:00+00:00,5428.7725
2024-11-29 04:18:00+00:00,5419.0225
2024-11-29 04:19:00+00:00,5421.6177
2024-11-29 04:20:00+00:00,5422.89
2024-11-29 04:21:00+00:00,5430.6284
2024-11-29 04:22:00+00:00,5432.038
2024-11-29 04:23:00+00:00,5431.1797
2024-11-29 04:24:00+00:00,5422.9873
2024-11-29 04:25:00+00:00,5424.9634
2024-11-29 04:26:00+00:00,5423.2393
2024-11-29 04:27:00+00:00,5424.257
2024-11-29 04:28:00+00:00,5433.6113
2024-11-29 04:29:00+00:00,5426.642
2024-11-29 04:30:00+00:00,5433.293
2024-11-29 04:31:00+00:00,5435.1807
2024-11-29 04:32:00+00:00,5426.699
2024-11-29 04:33:00+00:00,5431.1704
2024-11-29 04:34:00+00:00,5434.0293
2024-11-29 04:35:00+00:00,5430.2363
2024-11-29 04:36:00+00:00,5419.7705
2024-11-29 04:37:00+00:00,5430.2563
2024-11-29 04:38:00+00:00,5425.9624
2024-11-29 04:39:00+00:00,5436.2036
2024-11-29 04:40:00+00:00,5428.181
2024-11-29 04:41:00+00:00,5431.9253
2024-11-29 04:42:00+00:00,5431.2295
2024-11-29 04:43:00+00:00,5433.3027
2024-11-29 04:44:00+00:00,5429.4707
2024-11-29 04:45:00+00:00,5435.771
2024-11-29 04:46:00+00:00,5432.51
2024-11-29 04:47:00+00:00,5424.5522
2024-11-29 04:48:00+00:00,5434.4326
2024-11-29 04:49:00+00:00,5440.3613
2024-11-29 04:50:00+00:00,5425.192
2024-11-29 04:51:00+00:00,5427.0615
2024-11-29 04:52:00+00:00,5430.897
2024-11-29 04:53:00+00:00,5425.98
2024-11-29 04:54:00+00:00,5421.018
2024-11-29 04:55:00+00:00,5423.4683
2024-11-29 04:56:00+00:00,5429.6416
2024-11-29 04:57:00+00:00,5431.947
2024-11-29 04:58:00+00:00,5435.095
2024-11-29 04:59:00+00:00,5434.865
2024-11-29 05:00:00+00:00,5439.677
2024-11-29 05:01:00+00:00,5437.276
2024-11-29 05:02:00+00:00,5437.27
2024-11-29 05:03:00+00:00,5437.8584
2024-11-29 05:04:00+00:00,5441.0195
2024-11-29 05:05:00+00:00,5438.1343
2024-11-29 05:06:00+00:00,5439.95
2024-11-29 05:07:00+00:00,5442.663
2024-11-29 05:08:00+00:00,5443.738
2024-11-29 05:09:00+00:00,5441.008
2024-11-29 05:10:00+00:00,5439.8535
2024-11-29 05:11:00+00:00,5439.341
2024-11-29 05:12:00+00:00,5439.816
2024-11-29 05:13:00+00:00,5440.141
2024-11-29 05:14:00+00:00,5442.0464
2024-11-29 05:15:00+00:00,5438.371
2024-11-29 05:16:00+00:00,5434.6523
2024-11-29 05:17:00+00:00,5436.171
2024-11-29 05:18:00+00:00,5440.176
2024-11-29 05:19:00+00:00,5432.0254
2024-11-29 05:20:00+00:00,5434.989
2024-11-29 05:21:00+00:00,5431.786
2024-11-29 05:22:00+00:00,5432.543
2024-11-29 05:23:00+00:00,5440.9116
2024-11-29 05:24:00+00:00,5430.7183
2024-11-29 05:25:00+00:00,5434.4443
2024-11-29 05:26:00+00:00,5429.7637
2024-11-29 05:27:00+00:00,5432.36
2024-11-29 05:28:00+00:00,5438.385
2024-11-29 05:29:00+00:00,5432.567
2024-11-29 05:30:00+00:00,5438.1807
2024-11-29 05:31:00+00:00,5435.5024
2024-11-29 05:32:00+00:00,5435.206
2024-11-29 05:33:00+00:00,5429.551
2024-11-29 05:34:00+00:00,5425.14
2024-11-29 05:35:00+00:00,5420.6895
2024-11-29 05:36:00+00:00,5434.144
2024-11-29 05:37:00+00:00,5431.8926
2024-11-29 05:38:00+00:00,5437.243
2024-11-29 05:39:00+00:00,5442.2744
2024-11-29 05:40:00+00:00,5431.504
2024-11-29 05:41:00+00:00,5426.9004
2024-11-29 05:42:00+00:00,5427.978
2024-11-29 05:43:00+00:00,5432.545
2024-11-29 05:44:00+00:00,5435.897
2024-11-29 05:45:00+00:00,5431.9736
2024-11-29 05:46:00+00:00,5437.1455
2024-11-29 05:47:00+00:00,5436.216
2024-11-29 05:48:00+00:00,5439.773
2024-11-29 05:49:00+00:00,5430.725
2024-11-29 05:50:00+00:00,5432.4272
2024-11-29 05:51:00+00:00,5434.778
2024-11-29 05:52:00+00:00,5427.289
2024-11-29 05:53:00+00:00,5436.816
2024-11-29 05:54:00+00:00,5439.457
2024-11-29 05:55:00+00:00,5444.604
2024-11-29 05:56:00+00:00,5417.3403
2024-11-29 05:57:00+00:00,5427.3394
2024-11-29 05:58:00+00:00,5435.497
2024-11-29 05:59:00+00:00,5419.4346
2024-11-29 06:00:00+00:00,5439.3267
2024-11-29 06:01:00+00:00,5418.926
2024-11-29 06:02:00+00:00,5423.094
2024-11-29 06:03:00+00:00,5435.373
2024-11-29 06:04:00+00:00,5429.15
2024-11-29 06:05:00+00:00,5429.8496
2024-11-29 06:06:00+00:00,5430.5786
2024-11-29 06:07:00+00:00,5425.645
2024-11-29 06:08:00+00:00,5427.225
2024-11-29 06:09:00+00:00,5421.218
2024-11-29 06:10:00+00:00,5427.592
2024-11-29 06:11:00+00:00,5437.12
2024-11-29 06:12:00+00:00,5428.0737
2024-11-29 06:13:00+00:00,5430.2676
2024-11-29 06:14:00+00:00,5429.7676
2024-11-29 06:15:00+00:00,5434.6606
2024-11-29 06:16:00+00:00,5442.4937
2024-11-29 06:17:00+00:00,5443.201
2024-11-29 06:18:00+00:00,5442.773
2024-11-29 06:19:00+00:00,5435.7886
2024-11-29 06:20:00+00:00,5435.4946
2024-11-29 06:21:00+00:00,5432.862
2024-11-29 06:22:00+00:00,5430.696
2024-11-29 06:23:00+00:00,5435.907
2024-11-29 06:24:00+00:00,5437.723
2024-11-29 06:25:00+00:00,5436.5312
2024-11-29 06:26:00+00:00,5439.519
2024-11-29 06:27:00+00:00,5447.968
2024-11-29 06:28:00+00:00,5439.4395
2024-11-29 06:29:00+00:00,5437.322
2024-11-29 06:30:00+00:00,5438.569
2024-11-29 06:31:00+00:00,5443.969
2024-11-29 06:32:00+00:00,5442.004
2024-11-29 06:33:00+00:00,5442.916
2024-11-29 06:34:00+00:00,5441.359
2024-11-29 06:35:00+00:00,5439.4927
2024-11-29 06:36:00+00:00,5444.835
2024-11-29 06:37:00+00:00,5443.1484
2024-11-29 06:38:00+00:00,5443.2954
2024-11-29 06:39:00+00:00,5440.621
2024-11-29 06:40:00+00:00,5437.861
2024-11-29 06:41:00+00:00,5434.521
2024-11-29 06:42:00+00:00,5444.551
2024-11-29 06:43:00+00:00,5440.422
2024-11-29 06:44:00+00:00,5439.1035
2024-11-29 06:45:00+00:00,5441.3525
2024-11-29 06:46:00+00:00,5428.6133
2024-11-29 06:47:00+00:00,5439.339
2024-11-29 06:48:00+00:00,5435.145
2024-11-29 06:49:00+00:00,5438.8604
2024-11-29 06:50:00+00:00,5437.419
2024-11-29 06:51:00+00:00,5428.341
2024-11-29 06:52:00+00:00,5432.177
2024-11-29 06:53:00+00:00,5430.2114
2024-11-29 06:54:00+00:00,5431.549
2024-11-29 06:55:00+00:00,5431.689
2024-11-29 06:56:00+00:00,5436.1436
2024-11-29 06:57:00+00:00,5434.3823
2024-11-29 06:58:00+00:00,5437.096
2024-11-29 06:59:00+00:00,5429.935
2024-11-29 07:00:00+00:00,5437.495
2024-11-29 07:01:00+00:00,5426.3076
2024-11-29 07:02:00+00:00,5430.0317
2024-11-29 07:03:00+00:00,5429.0166
2024-11-29 07:04:00+00:00,5429.9067
2024-11-29 07:05:00+00:00,5429.7646
2024-11-29 07:06:00+00:00,5429.175
2024-11-29 07:07:00+00:00,5430.6875
2024-11-29 07:08:00+00:00,5430.538
2024-11-29 07:09:00+00:00,5439.588
2024-11-29 07:10:00+00:00,5438.7314
2024-11-29 07:11:00+00:00,5433.291
2024-11-29 07:12:00+00:00,5433.1313
2024-11-29 07:13:00+00:00,5426.747
2024-11-29 07:14:00+00:00,5432.897
2024-11-29 07:15:00+00:00,5433.4478
2024-11-29 07:16:00+00:00,5424.5527
2024-11-29 07:17:00+00:00,5430.173
2024-11-29 07:18:00+00:00,5432.271
2024-11-29 07:19:00+00:00,5435.735
2024-11-29 07:20:00+00:00,5434.866
2024-11-29 07:21:00+00:00,5436.5747
2024-11-29 07:22:00+00:00,5441.5015
2024-11-29 07:23:00+00:00,5436.1616
2024-11-29 07:24:00+00:00,5427.9697
2024-11-29 07:25:00+00:00,5434.819
2024-11-29 07:26:00+00:00,5435.1484
2024-11-29 07:27:00+00:00,5429.0815
2024-11-29 07:28:00+00:00,5431.5776
2024-11-29 07:29:00+00:00,5433.5474
2024-11-29 07:30:00+00:00,5442.976
2024-11-29 07:31:00+00:00,5438.9756
2024-11-29 07:32:00+00:00,5438.176
2024-11-29 07:33:00+00:00,5430.287
2024-11-29 07:34:00+00:00,5436.209
2024-11-29 07:35:00+00:00,5435.3906
2024-11-29 07:36:00+00:00,5440.3984
2024-11-29 07:37:00+00:00,5436.367
2024-11-29 07:38:00+00:00,5437.084
2024-11-29 07:39:00+00:00,5427.9507
2024-11-29 07:40:00+00:00,5420.994
2024-11-29 07:41:00+00:00,5437.336
2024-11-29 07:42:00+00:00,5435.0747
2024-11-29 07:43:00+00:00,5436.302
2024-11-29 07:44:00+00:00,5439.606
2024-11-29 07:45:00+00:00,5439.832
2024-11-29 07:46:00+00:00,5431.659
2024-11-29 07:47:00+00:00,5436.427
2024-11-29 07:48:00+00:00,5441.48
2024-11-29 07:49:00+00:00,5432.3516
2024-11-29 07:50:00+00:00,5436.5713
2024-11-29 07:51:00+00:00,5438.3516
2024-11-29 07:52:00+00:00,5436.626
2024-11-29 07:53:00+00:00,5427.433
2024-11-29 07:54:00+00:00,5427.9165
2024-11-29 07:55:00+00:00,5425.8765
2024-11-29 07:56:00+00:00,5428.162
2024-11-29 07:57:00+00:00,5427.0127
2024-11-29 07:58:00+00:00,5431.126
2024-11-29 07:59:00+00:00,5429.5576
2024-11-29 08:00:00+00:00,5434.818
2024-11-29 08:01:00+00:00,5428.5264
2024-11-29 08:02:00+00:00,5432.6777
2024-11-29 08:03:00+00:00,5423.6953
2024-11-29 08:04:00+00:00,5424.3926
2024-11-29 08:05:00+00:00,5419.6577
2024-11-29 08:06:00+00:00,5419.619
2024-11-29 08:07:00+00:00,5421.856
2024-11-29 08:08:00+00:00,5421.223
2024-11-29 08:09:00+00:00,5422.473
2024-11-29 08:10:00+00:00,5423.2544
2024-11-29 08:11:00+00:00,5419.3447
2024-11-29 08:12:00+00:00,5424.5776
2024-11-29 08:13:00+00:00,5426.1875
2024-11-29 08:14:00+00:00,5426.041
2024-11-29 08:15:00+00:00,5418.61
2024-11-29 08:16:00+00:00,5430.5815
2024-11-29 08:17:00+00:00,5421.499
2024-11-29 08:18:00+00:00,5416.86
2024-11-29 08:19:00+00:00,5430.741
2024-11-29 08:20:00+00:00,5429.9404
2024-11-29 08:21:00+00:00,5430.261
2024-11-29 08:22:00+00:00,5432.2534
2024-11-29 08:23:00+00:00,5418.3325
2024-11-29 08:24:00+00:00,5439.7964
2024-11-29 08:25:00+00:00,5427.0107
2024-11-29 08:26:00+00:00,5436.6216
2024-11-29 08:27:00+00:00,5419.4326
2024-11-29 08:28:00+00:00,5409.4097
2024-11-29 08:29:00+00:00,5407.3364
2024-11-29 08:30:00+00:00,5415.8813
2024-11-29 08:31:00+00:00,5415.839
2024-11-29 08:32:00+00:00,5426.9136
2024-11-29 08:33:00+00:00,5436.5806
2024-11-29 08:34:00+00:00,5435.172
2024-11-29 08:35:00+00:00,5411.547
2024-11-29 08:36:00+00:00,5421.1997
2024-11-29 08:37:00+00:00,5414.301
2024-11-29 08:38:00+00:00,5430.0923
2024-11-29 08:39:00+00:00,5432.9224
2024-11-29 08:40:00+00:00,5412.134
2024-11-29 08:41:00+00:00,5429.556
2024-11-29 08:42:00+00:00,5430.4766
2024-11-29 08:43:00+00:00,5420.1963
2024-11-29 08:44:00+00:00,5431.334
2024-11-29 08:45:00+00:00,5426.608
2024-11-29 08:46:00+00:00,5427.777
2024-11-29 08:47:00+00:00,5412.0166
2024-11-29 08:48:00+00:00,5429.79
2024-11-29 08:49:00+00:00,5427.141
2024-11-29 08:50:00+00:00,5410.67
2024-11-29 08:51:00+00:00,5427.94
2024-11-29 08:52:00+00:00,5432.382
2024-11-29 08:53:00+00:00,5420.6646
2024-11-29 08:54:00+00:00,5419.539
2024-11-29 08:55:00+00:00,5428.206
2024-11-29 08:56:00+00:00,5425.5405
2024-11-29 08:57:00+00:00,5430.152
2024-11-29 08:58:00+00:00,5431.57
2024-11-29 08:59:00+00:00,5430.986
2024-11-29 09:00:00+00:00,5415.879
2024-11-29 09:01:00+00:00,5422.0146
2024-11-29 09:02:00+00:00,5420.4624
2024-11-29 09:03:00+00:00,5425.9277
2024-11-29 09:04:00+00:00,5421.7104
2024-11-29 09:05:00+00:00,5418.5166
2024-11-29 09:06:00+00:00,5424.9795
2024-11-29 09:07:00+00:00,5422.679
2024-11-29 09:08:00+00:00,5417.5913
2024-11-29 09:09:00+00:00,5419.849
2024-11-29 09:10:00+00:00,5419.766
2024-11-29 09:11:00+00:00,5417.871
2024-11-29 09:12:00+00:00,5424.873
2024-11-29 09:13:00+00:00,5427.8364
2024-11-29 09:14:00+00:00,5423.328
2024-11-29 09:15:00+00:00,5432.821
2024-11-29 09:16:00+00:00,5427.486
2024-11-29 09:17:00+00:00,5417.509
2024-11-29 09:18:00+00:00,5423.627
2024-11-29 09:19:00+00:00,5423.174
2024-11-29 09:20:00+00:00,5421.0884
2024-11-29 09:21:00+00:00,5408.827
2024-11-29 09:22:00+00:00,5409.1577
2024-11-29 09:23:00+00:00,5436.3403
2024-11-29 09:24:00+00:00,5415.6216
2024-11-29 09:25:00+00:00,5423.528
2024-11-29 09:26:00+00:00,5409.875
2024-11-29 09:27:00+00:00,5418.1836
2024-11-29 09:28:00+00:00,5403.849
2024-11-29 09:29:00+00:00,5410.198
2024-11-29 09:30:00+00:00,5412.76
2024-11-29 09:31:00+00:00,5412.9478
2024-11-29 09:32:00+00:00,5415.5186
2024-11-29 09:33:00+00:00,5407.019
2024-11-29 09:34:00+00:00,5409.199
2024-11-29 09:35:00+00:00,5401.4224
2024-11-29 09:36:00+00:00,5407.6416
2024-11-29 09:37:00+00:00,5420.208
2024-11-29 09:38:00+00:00,5406.913
2024-11-29 09:39:00+00:00,5406.6494
2024-11-29 09:40:00+00:00,5402.49
2024-11-29 09:41:00+00:00,5401.393
2024-11-29 09:42:00+00:00,5412.31
2024-11-29 09:43:00+00:00,5412.1753
2024-11-29 09:44:00+00:00,5417.509
2024-11-29 09:45:00+00:00,5416.5923
2024-11-29 09:46:00+00:00,5403.0635
2024-11-29 09:47:00+00:00,5417.1396
2024-11-29 09:48:00+00:00,5408.794
2024-11-29 09:49:00+00:00,5420.199
2024-11-29 09:50:00+00:00,5420.757
2024-11-29 09:51:00+00:00,5420.9805
2024-11-29 09:52:00+00:00,5413.694
2024-11-29 09:53:00+00:00,5419.074
2024-11-29 09:54:00+00:00,5410.2817
2024-11-29 09:55:00+00:00,5423.177
2024-11-29 09:56:00+00:00,5425.091
2024-11-29 09:57:00+00:00,5425.8994
2024-11-29 09:58:00+00:00,5427.3267
2024-11-29 09:59:00+00:00,5396.2476
2024-12-02 03:45:00+00:00,5387.508
2024-12-02 03:46:00+00:00,5411.6377
2024-12-02 03:47:00+00:00,5411.4897
2024-12-02 03:48:00+00:00,5405.475
2024-12-02 03:49:00+00:00,5408.5337
2024-12-02 03:50:00+00:00,5414.212
2024-12-02 03:51:00+00:00,5413.819
2024-12-02 03:52:00+00:00,5422.974
2024-12-02 03:53:00+00:00,5426.897
2024-12-02 03:54:00+00:00,5417.741
2024-12-02 03:55:00+00:00,5409.6943
2024-12-02 03:56:00+00:00,5417.731
2024-12-02 03:57:00+00:00,5432.6436
2024-12-02 03:58:00+00:00,5426.6177
2024-12-02 03:59:00+00:00,5429.429
2024-12-02 04:00:00+00:00,5425.7324
2024-12-02 04:01:00+00:00,5425.354
2024-12-02 04:02:00+00:00,5427.9375
2024-12-02 04:03:00+00:00,5428.4053
2024-12-02 04:04:00+00:00,5428.1987
2024-12-02 04:05:00+00:00,5432.393
2024-12-02 04:06:00+00:00,5422.2056
2024-12-02 04:07:00+00:00,5434.977
2024-12-02 04:08:00+00:00,5433.1826
2024-12-02 04:09:00+00:00,5434.896
2024-12-02 04:10:00+00:00,5436.16
2024-12-02 04:11:00+00:00,5436.627
2024-12-02 04:12:00+00:00,5429.2603
2024-12-02 04:13:00+00:00,5430.9062
2024-12-02 04:14:00+00:00,5431.8643
2024-12-02 04:15:00+00:00,5432.4614
2024-12-02 04:16:00+00:00,5433.374
2024-12-02 04:17:00+00:00,5433.932
2024-12-02 04:18:00+00:00,5429.8887
2024-12-02 04:19:00+00:00,5437.233
2024-12-02 04:20:00+00:00,5434.5723
2024-12-02 04:21:00+00:00,5434.7456
2024-12-02 04:22:00+00:00,5437.5913
2024-12-02 04:23:00+00:00,5435.1963
2024-12-02 04:24:00+00:00,5435.4277
2024-12-02 04:25:00+00:00,5439.303
2024-12-02 04:26:00+00:00,5441.795
2024-12-02 04:27:00+00:00,5439.9067
2024-12-02 04:28:00+00:00,5431.3804
2024-12-02 04:29:00+00:00,5442.4526
2024-12-02 04:30:00+00:00,5438.7017
2024-12-02 04:31:00+00:00,5436.43
2024-12-02 04:32:00+00:00,5425.3286
2024-12-02 04:33:00+00:00,5429.217
2024-12-02 04:34:00+00:00,5434.939
2024-12-02 04:35:00+00:00,5435.6943
2024-12-02 04:36:00+00:00,5428.432
2024-12-02 04:37:00+00:00,5420.29
2024-12-02 04:38:00+00:00,5430.0054
2024-12-02 04:39:00+00:00,5423.823
2024-12-02 04:40:00+00:00,5423.3003
2024-12-02 04:41:00+00:00,5426.2065
2024-12-02 04:42:00+00:00,5410.649
2024-12-02 04:43:00+00:00,5422.596
2024-12-02 04:44:00+00:00,5431.1777
2024-12-02 04:45:00+00:00,5427.957
2024-12-02 04:46:00+00:00,5427.362
2024-12-02 04:47:00+00:00,5430.306
2024-12-02 04:48:00+00:00,5426.451
2024-12-02 04:49:00+00:00,5432.274
2024-12-02 04:50:00+00:00,5434.6035
2024-12-02 04:51:00+00:00,5433.2935
2024-12-02 04:52:00+00:00,5428.101
2024-12-02 04:53:00+00:00,5432.953
2024-12-02 04:54:00+00:00,5433.2393
2024-12-02 04:55:00+00:00,5432.4478
2024-12-02 04:56:00+00:00,5432.21
2024-12-02 04:57:00+00:00,5431.7915
2024-12-02 04:58:00+00:00,5431.2925
2024-12-02 04:59:00+00:00,5434.5435
2024-12-02 05:00:00+00:00,5434.5137
2024-12-02 05:01:00+00:00,5429.6436
2024-12-02 05:02:00+00:00,5428.895
2024-12-02 05:03:00+00:00,5428.148
2024-12-02 05:04:00+00:00,5417.84
2024-12-02 05:05:00+00:00,5419.8433
2024-12-02 05:06:00+00:00,5433.0356
2024-12-02 05:07:00+00:00,5418.919
2024-12-02 05:08:00+00:00,5428.316
2024-12-02 05:09:00+00:00,5436.8003
2024-12-02 05:10:00+00:00,5438.0405
2024-12-02 05:11:00+00:00,5442.3755
2024-12-02 05:12:00+00:00,5421.6626
2024-12-02 05:13:00+00:00,5430.4536
2024-12-02 05:14:00+00:00,5435.208
2024-12-02 05:15:00+00:00,5432.105
2024-12-02 05:16:00+00:00,5424.658
2024-12-02 05:17:00+00:00,5422.616
2024-12-02 05:18:00+00:00,5428.681
2024-12-02 05:19:00+00:00,5429.875
2024-12-02 05:20:00+00:00,5424.841
2024-12-02 05:21:00+00:00,5432.159
2024-12-02 05:22:00+00:00,5431.8
2024-12-02 05:23:00+00:00,5431.832
2024-12-02 05:24:00+00:00,5424.9624
2024-12-02 05:25:00+00:00,5426.3477
2024-12-02 05:26:00+00:00,5434.9
2024-12-02 05:27:00+00:00,5436.803
2024-12-02 05:28:00+00:00,5427.353
2024-12-02 05:29:00+00:00,5433.805
2024-12-02 05:30:00+00:00,5436.215
2024-12-02 05:31:00+00:00,5431.413
2024-12-02 05:32:00+00:00,5438.8257
2024-12-02 05:33:00+00:00,5431.6455
2024-12-02 05:34:00+00:00,5430.553
2024-12-02 05:35:00+00:00,5440.9565
2024-12-02 05:36:00+00:00,5435.1704
2024-12-02 05:37:00+00:00,5436.2334
2024-12-02 05:38:00+00:00,5437.254
2024-12-02 05:39:00+00:00,5439.371
2024-12-02 05:40:00+00:00,5428.942
2024-12-02 05:41:00+00:00,5432.3267
2024-12-02 05:42:00+00:00,5431.809
2024-12-02 05:43:00+00:00,5435.337
2024-12-02 05:44:00+00:00,5429.466
2024-12-02 05:45:00+00:00,5422.8696
2024-12-02 05:46:00+00:00,5429.7407
2024-12-02 05:47:00+00:00,5436.5093
2024-12-02 05:48:00+00:00,5428.4497
2024-12-02 05:49:00+00:00,5427.34
2024-12-02 05:50:00+00:00,5430.1787
2024-12-02 05:51:00+00:00,5432.7095
2024-12-02 05:52:00+00:00,5429.9746
2024-12-02 05:53:00+00:00,5432.21
2024-12-02 05:54:00+00:00,5432.3477
2024-12-02 05:55:00+00:00,5429.753
2024-12-02 05:56:00+00:00,5431.056
2024-12-02 05:57:00+00:00,5432.6997
2024-12-02 05:58:00+00:00,5429.2017
2024-12-02 05:59:00+00:00,5431.35
2024-12-02 06:00:00+00:00,5429.0703
2024-12-02 06:01:00+00:00,5433.416
2024-12-02 06:02:00+00:00,5433.231
2024-12-02 06:03:00+00:00,5431.413
2024-12-02 06:04:00+00:00,5434.8003
2024-12-02 06:05:00+00:00,5433.0796
2024-12-02 06:06:00+00:00,5435.3125
2024-12-02 06:07:00+00:00,5438.983
2024-12-02 06:08:00+00:00,5441.2446
2024-12-02 06:09:00+00:00,5435.466
2024-12-02 06:10:00+00:00,5433.1655
2024-12-02 06:11:00+00:00,5432.472
2024-12-02 06:12:00+00:00,5429.685
2024-12-02 06:13:00+00:00,5432.9463
2024-12-02 06:14:00+00:00,5428.652
2024-12-02 06:15:00+00:00,5432.924
2024-12-02 06:16:00+00:00,5424.1304
2024-12-02 06:17:00+00:00,5420.7104
2024-12-02 06:18:00+00:00,5409.6274
2024-12-02 06:19:00+00:00,5416.3784
2024-12-02 06:20:00+00:00,5418.025
2024-12-02 06:21:00+00:00,5430.7344
2024-12-02 06:22:00+00:00,5429.3115
2024-12-02 06:23:00+00:00,5418.652
2024-12-02 06:24:00+00:00,5425.7744
2024-12-02 06:25:00+00:00,5429.918
2024-12-02 06:26:00+00:00,5440.381
2024-12-02 06:27:00+00:00,5430.5713
2024-12-02 06:28:00+00:00,5431.1724
2024-12-02 06:29:00+00:00,5426.7295
2024-12-02 06:30:00+00:00,5429.7466
2024-12-02 06:31:00+00:00,5425.258
2024-12-02 06:32:00+00:00,5424.976
2024-12-02 06:33:00+00:00,5423.198
2024-12-02 06:34:00+00:00,5431.731
2024-12-02 06:35:00+00:00,5441.227
2024-12-02 06:36:00+00:00,5438.5107
2024-12-02 06:37:00+00:00,5431.753
2024-12-02 06:38:00+00:00,5419.079
2024-12-02 06:39:00+00:00,5410.015
2024-12-02 06:40:00+00:00,5425.3384
2024-12-02 06:41:00+00:00,5417.589
2024-12-02 06:42:00+00:00,5423.7554
2024-12-02 06:43:00+00:00,5424.4707
2024-12-02 06:44:00+00:00,5424.6567
2024-12-02 06:45:00+00:00,5431.029
2024-12-02 06:46:00+00:00,5422.6167
2024-12-02 06:47:00+00:00,5426.7373
2024-12-02 06:48:00+00:00,5416.8545
2024-12-02 06:49:00+00:00,5414.723
2024-12-02 06:50:00+00:00,5421.463
2024-12-02 06:51:00+00:00,5421.9614
2024-12-02 06:52:00+00:00,5428.9893
2024-12-02 06:53:00+00:00,5429.6733
2024-12-02 06:54:00+00:00,5422.398
2024-12-02 06:55:00+00:00,5418.2935
2024-12-02 06:56:00+00:00,5427.677
2024-12-02 06:57:00+00:00,5419.7144
2024-12-02 06:58:00+00:00,5432.4243
2024-12-02 06:59:00+00:00,5430.426
2024-12-02 07:00:00+00:00,5434.5425
2024-12-02 07:01:00+00:00,5429.706
2024-12-02 07:02:00+00:00,5427.577
2024-12-02 07:03:00+00:00,5435.182
2024-12-02 07:04:00+00:00,5428.0205
2024-12-02 07:05:00+00:00,5435.1797
2024-12-02 07:06:00+00:00,5435.3467
2024-12-02 07:07:00+00:00,5427.852
2024-12-02 07:08:00+00:00,5423.752
2024-12-02 07:09:00+00:00,5425.6626
2024-12-02 07:10:00+00:00,5427.564
2024-12-02 07:11:00+00:00,5420.636
2024-12-02 07:12:00+00:00,5426.6416
2024-12-02 07:13:00+00:00,5423.505
2024-12-02 07:14:00+00:00,5428.2837
2024-12-02 07:15:00+00:00,5419.247
2024-12-02 07:16:00+00:00,5425.748
2024-12-02 07:17:00+00:00,5417.9365
2024-12-02 07:18:00+00:00,5420.4097
2024-12-02 07:19:00+00:00,5426.1416
2024-12-02 07:20:00+00:00,5422.3564
2024-12-02 07:21:00+00:00,5431.907
2024-12-02 07:22:00+00:00,5427.148
2024-12-02 07:23:00+00:00,5428.0522
2024-12-02 07:24:00+00:00,5428.7534
2024-12-02 07:25:00+00:00,5428.807
2024-12-02 07:26:00+00:00,5432.7812
2024-12-02 07:27:00+00:00,5427.5156
2024-12-02 07:28:00+00:00,5427.834
2024-12-02 07:29:00+00:00,5427.0
2024-12-02 07:30:00+00:00,5426.314
2024-12-02 07:31:00+00:00,5431.676
2024-12-02 07:32:00+00:00,5420.2217
2024-12-02 07:33:00+00:00,5419.6357
2024-12-02 07:34:00+00:00,5423.1475
2024-12-02 07:35:00+00:00,5421.436
2024-12-02 07:36:00+00:00,5423.031
2024-12-02 07:37:00+00:00,5424.008
2024-12-02 07:38:00+00:00,5432.4155
2024-12-02 07:39:00+00:00,5420.528
2024-12-02 07:40:00+00:00,5427.78
2024-12-02 07:41:00+00:00,5425.869
2024-12-02 07:42:00+00:00,5424.263
2024-12-02 07:43:00+00:00,5419.8423
2024-12-02 07:44:00+00:00,5418.1694
2024-12-02 07:45:00+00:00,5417.7324
2024-12-02 07:46:00+00:00,5424.9365
2024-12-02 07:47:00+00:00,5423.1797
2024-12-02 07:48:00+00:00,5420.5986
2024-12-02 07:49:00+00:00,5410.4243
2024-12-02 07:50:00+00:00,5422.709
2024-12-02 07:51:00+00:00,5428.323
2024-12-02 07:52:00+00:00,5424.2754
2024-12-02 07:53:00+00:00,5409.4795
2024-12-02 07:54:00+00:00,5422.7944
2024-12-02 07:55:00+00:00,5413.027
2024-12-02 07:56:00+00:00,5423.075
2024-12-02 07:57:00+00:00,5409.5874
2024-12-02 07:58:00+00:00,5413.6753
2024-12-02 07:59:00+00:00,5419.8096
2024-12-02 08:00:00+00:00,5413.7065
2024-12-02 08:01:00+00:00,5426.8687
2024-12-02 08:02:00+00:00,5429.508
2024-12-02 08:03:00+00:00,5420.484
2024-12-02 08:04:00+00:00,5424.328
2024-12-02 08:05:00+00:00,5426.1445
2024-12-02 08:06:00+00:00,5426.3267
2024-12-02 08:07:00+00:00,5433.953
2024-12-02 08:08:00+00:00,5425.9
2024-12-02 08:09:00+00:00,5427.1416
2024-12-02 08:10:00+00:00,5426.7466
2024-12-02 08:11:00+00:00,5424.2793
2024-12-02 08:12:00+00:00,5425.8896
2024-12-02 08:13:00+00:00,5432.865
2024-12-02 08:14:00+00:00,5425.759
2024-12-02 08:15:00+00:00,5430.617
2024-12-02 08:16:00+00:00,5427.945
2024-12-02 08:17:00+00:00,5431.0527
2024-12-02 08:18:00+00:00,5431.861
2024-12-02 08:19:00+00:00,5421.9946
2024-12-02 08:20:00+00:00,5433.2197
2024-12-02 08:21:00+00:00,5427.511
2024-12-02 08:22:00+00:00,5421.2764
2024-12-02 08:23:00+00:00,5430.458
2024-12-02 08:24:00+00:00,5431.9546
2024-12-02 08:25:00+00:00,5426.6797
2024-12-02 08:26:00+00:00,5425.283
2024-12-02 08:27:00+00:00,5426.951
2024-12-02 08:28:00+00:00,5428.65
2024-12-02 08:29:00+00:00,5432.611
2024-12-02 08:30:00+00:00,5437.476
2024-12-02 08:31:00+00:00,5436.6426
2024-12-02 08:32:00+00:00,5439.0166
2024-12-02 08:33:00+00:00,5437.967
2024-12-02 08:34:00+00:00,5445.031
2024-12-02 08:35:00+00:00,5444.0244
2024-12-02 08:36:00+00:00,5437.82
2024-12-02 08:37:00+00:00,5441.7153
2024-12-02 08:38:00+00:00,5442.533
2024-12-02 08:39:00+00:00,5439.1064
2024-12-02 08:40:00+00:00,5430.5635
2024-12-02 08:41:00+00:00,5435.613
2024-12-02 08:42:00+00:00,5439.003
2024-12-02 08:43:00+00:00,5433.8857
2024-12-02 08:44:00+00:00,5430.3296
2024-12-02 08:45:00+00:00,5419.1206
2024-12-02 08:46:00+00:00,5418.583
2024-12-02 08:47:00+00:00,5432.1836
2024-12-02 08:48:00+00:00,5431.972
2024-12-02 08:49:00+00:00,5425.6924
2024-12-02 08:50:00+00:00,5430.0034
2024-12-02 08:51:00+00:00,5432.997
2024-12-02 08:52:00+00:00,5427.764
2024-12-02 08:53:00+00:00,5427.96
2024-12-02 08:54:00+00:00,5426.2676
2024-12-02 08:55:00+00:00,5424.4434
2024-12-02 08:56:00+00:00,5418.543
2024-12-02 08:57:00+00:00,5434.3086
2024-12-02 08:58:00+00:00,5431.0015
2024-12-02 08:59:00+00:00,5427.523
2024-12-02 09:00:00+00:00,5430.6455
2024-12-02 09:01:00+00:00,5425.741
2024-12-02 09:02:00+00:00,5422.348
2024-12-02 09:03:00+00:00,5424.7637
2024-12-02 09:04:00+00:00,5426.4663
2024-12-02 09:05:00+00:00,5425.3594
2024-12-02 09:06:00+00:00,5436.871
2024-12-02 09:07:00+00:00,5433.3145
2024-12-02 09:08:00+00:00,5435.9517
2024-12-02 09:09:00+00:00,5428.831
2024-12-02 09:10:00+00:00,5434.608
2024-12-02 09:11:00+00:00,5435.007
2024-12-02 09:12:00+00:00,5429.175
2024-12-02 09:13:00+00:00,5443.4575
2024-12-02 09:14:00+00:00,5436.57
2024-12-02 09:15:00+00:00,5439.8306
2024-12-02 09:16:00+00:00,5439.85
2024-12-02 09:17:00+00:00,5440.867
2024-12-02 09:18:00+00:00,5431.7534
2024-12-02 09:19:00+00:00,5434.5215
2024-12-02 09:20:00+00:00,5440.762
2024-12-02 09:21:00+00:00,5433.3477
2024-12-02 09:22:00+00:00,5434.158
2024-12-02 09:23:00+00:00,5438.837
2024-12-02 09:24:00+00:00,5438.102
2024-12-02 09:25:00+00:00,5440.151
2024-12-02 09:26:00+00:00,5438.611
2024-12-02 09:27:00+00:00,5435.9126
2024-12-02 09:28:00+00:00,5439.338
2024-12-02 09:29:00+00:00,5444.4023
2024-12-02 09:30:00+00:00,5419.79
2024-12-02 09:31:00+00:00,5434.747
2024-12-02 09:32:00+00:00,5437.313
2024-12-02 09:33:00+00:00,5430.3013
2024-12-02 09:34:00+00:00,5429.136
2024-12-02 09:35:00+00:00,5426.054
2024-12-02 09:36:00+00:00,5429.193
2024-12-02 09:37:00+00:00,5428.036
2024-12-02 09:38:00+00:00,5440.9155
2024-12-02 09:39:00+00:00,5433.3496
2024-12-02 09:40:00+00:00,5430.6377
2024-12-02 09:41:00+00:00,5427.939
2024-12-02 09:42:00+00:00,5434.08
2024-12-02 09:43:00+00:00,5441.0933
2024-12-02 09:44:00+00:00,5448.4395
2024-12-02 09:45:00+00:00,5436.47
2024-12-02 09:46:00+00:00,5444.064
2024-12-02 09:47:00+00:00,5449.615
2024-12-02 09:48:00+00:00,5446.6895
2024-12-02 09:49:00+00:00,5442.4116
2024-12-02 09:50:00+00:00,5445.3394
2024-12-02 09:51:00+00:00,5436.5356
2024-12-02 09:52:00+00:00,5444.528
2024-12-02 09:53:00+00:00,5442.137
2024-12-02 09:54:00+00:00,5428.4736
2024-12-02 09:55:00+00:00,5426.021
2024-12-02 09:56:00+00:00,5422.99
2024-12-02 09:57:00+00:00,5436.666
2024-12-02 09:58:00+00:00,5442.6094
2024-12-02 09:59:00+00:00,5438.003
2024-12-03 03:45:00+00:00,5439.077
2024-12-03 03:46:00+00:00,5440.9062
2024-12-03 03:47:00+00:00,5448.3613
2024-12-03 03:48:00+00:00,5447.8237
2024-12-03 03:49:00+00:00,5445.343
2024-12-03 03:50:00+00:00,5439.1772
2024-12-03 03:51:00+00:00,5444.879
2024-12-03 03:52:00+00:00,5449.2466
2024-12-03 03:53:00+00:00,5444.3755
2024-12-03 03:54:00+00:00,5446.1367
2024-12-03 03:55:00+00:00,5447.0728
2024-12-03 03:56:00+00:00,5444.3066
2024-12-03 03:57:00+00:00,5439.387
2024-12-03 03:58:00+00:00,5432.606
2024-12-03 03:59:00+00:00,5435.373
2024-12-03 04:00:00+00:00,5446.8296
2024-12-03 04:01:00+00:00,5441.678
2024-12-03 04:02:00+00:00,5444.2793
2024-12-03 04:03:00+00:00,5444.9424
2024-12-03 04:04:00+00:00,5444.9795
2024-12-03 04:05:00+00:00,5446.0566
2024-12-03 04:06:00+00:00,5444.999
2024-12-03 04:07:00+00:00,5450.6655
2024-12-03 04:08:00+00:00,5451.2144
2024-12-03 04:09:00+00:00,5445.946
2024-12-03 04:10:00+00:00,5440.848
2024-12-03 04:11:00+00:00,5446.104
2024-12-03 04:12:00+00:00,5452.3945
2024-12-03 04:13:00+00:00,5453.237
2024-12-03 04:14:00+00:00,5452.7085
2024-12-03 04:15:00+00:00,5454.026
2024-12-03 04:16:00+00:00,5461.4478
2024-12-03 04:17:00+00:00,5461.8257
2024-12-03 04:18:00+00:00,5460.0933
2024-12-03 04:19:00+00:00,5469.6113
2024-12-03 04:20:00+00:00,5472.803
2024-12-03 04:21:00+00:00,5470.62
2024-12-03 04:22:00+00:00,5464.3535
2024-12-03 04:23:00+00:00,5455.3086
2024-12-03 04:24:00+00:00,5464.6597
2024-12-03 04:25:00+00:00,5462.4775
2024-12-03 04:26:00+00:00,5460.8184
2024-12-03 04:27:00+00:00,5460.5317
2024-12-03 04:28:00+00:00,5460.751
2024-12-03 04:29:00+00:00,5463.3203
2024-12-03 04:30:00+00:00,5462.0986
2024-12-03 04:31:00+00:00,5464.701
2024-12-03 04:32:00+00:00,5461.067
2024-12-03 04:33:00+00:00,5446.0156
2024-12-03 04:34:00+00:00,5455.6963
2024-12-03 04:35:00+00:00,5447.441
2024-12-03 04:36:00+00:00,5446.326
2024-12-03 04:37:00+00:00,5453.111
2024-12-03 04:38:00+00:00,5447.57
2024-12-03 04:39:00+00:00,5451.315
2024-12-03 04:40:00+00:00,5454.857
2024-12-03 04:41:00+00:00,5449.3247
2024-12-03 04:42:00+00:00,5451.098
2024-12-03 04:43:00+00:00,5440.384
2024-12-03 04:44:00+00:00,5446.975
2024-12-03 04:45:00+00:00,5448.8164
2024-12-03 04:46:00+00:00,5452.586
2024-12-03 04:47:00+00:00,5448.4507
2024-12-03 04:48:00+00:00,5455.22
2024-12-03 04:49:00+00:00,5452.919
2024-12-03 04:50:00+00:00,5461.2363
2024-12-03 04:51:00+00:00,5452.077
2024-12-03 04:52:00+00:00,5457.4565
2024-12-03 04:53:00+00:00,5455.6914
2024-12-03 04:54:00+00:00,5462.6753
2024-12-03 04:55:00+00:00,5462.0703
2024-12-03 04:56:00+00:00,5455.8877
2024-12-03 04:57:00+00:00,5456.3423
2024-12-03 04:58:00+00:00,5458.278
2024-12-03 04:59:00+00:00,5461.478
2024-12-03 05:00:00+00:00,5462.647
2024-12-03 05:01:00+00:00,5463.827
2024-12-03 05:02:00+00:00,5464.3086
2024-12-03 05:03:00+00:00,5463.005
2024-12-03 05:04:00+00:00,5463.3394
2024-12-03 05:05:00+00:00,5464.3687
2024-12-03 05:06:00+00:00,5465.261
2024-12-03 05:07:00+00:00,5461.5176
2024-12-03 05:08:00+00:00,5465.6855
2024-12-03 05:09:00+00:00,5466.264
2024-12-03 05:10:00+00:00,5468.013
2024-12-03 05:11:00+00:00,5463.521
2024-12-03 05:12:00+00:00,5465.978
2024-12-03 05:13:00+00:00,5467.2686
2024-12-03 05:14:00+00:00,5464.1978
2024-12-03 05:15:00+00:00,5455.5034
2024-12-03 05:16:00+00:00,5464.703
2024-12-03 05:17:00+00:00,5460.868
2024-12-03 05:18:00+00:00,5464.276
2024-12-03 05:19:00+00:00,5469.9097
2024-12-03 05:20:00+00:00,5455.759
2024-12-03 05:21:00+00:00,5454.364
2024-12-03 05:22:00+00:00,5460.568
2024-12-03 05:23:00+00:00,5456.112
2024-12-03 05:24:00+00:00,5462.5884
2024-12-03 05:25:00+00:00,5459.0854
2024-12-03 05:26:00+00:00,5463.0464
2024-12-03 05:27:00+00:00,5463.439
2024-12-03 05:28:00+00:00,5459.8965
2024-12-03 05:29:00+00:00,5461.1562
2024-12-03 05:30:00+00:00,5460.7476
2024-12-03 05:31:00+00:00,5463.3506
2024-12-03 05:32:00+00:00,5462.8525
2024-12-03 05:33:00+00:00,5459.172
2024-12-03 05:34:00+00:00,5466.6763
2024-12-03 05:35:00+00:00,5459.285
2024-12-03 05:36:00+00:00,5463.098
2024-12-03 05:37:00+00:00,5470.768
2024-12-03 05:38:00+00:00,5467.0854
2024-12-03 05:39:00+00:00,5460.3003
2024-12-03 05:40:00+00:00,5468.9067
2024-12-03 05:41:00+00:00,5467.7153
2024-12-03 05:42:00+00:00,5465.228
2024-12-03 05:43:00+00:00,5464.0767
2024-12-03 05:44:00+00:00,5459.3467
2024-12-03 05:45:00+00:00,5461.713
2024-12-03 05:46:00+00:00,5464.143
2024-12-03 05:47:00+00:00,5462.978
2024-12-03 05:48:00+00:00,5457.1436
2024-12-03 05:49:00+00:00,5466.291
2024-12-03 05:50:00+00:00,5469.6504
2024-12-03 05:51:00+00:00,5460.3364
2024-12-03 05:52:00+00:00,5470.591
2024-12-03 05:53:00+00:00,5466.299
2024-12-03 05:54:00+00:00,5464.2676
2024-12-03 05:55:00+00:00,5469.2017
2024-12-03 05:56:00+00:00,5455.0146
2024-12-03 05:57:00+00:00,5469.1133
2024-12-03 05:58:00+00:00,5469.028
2024-12-03 05:59:00+00:00,5471.9814
2024-12-03 06:00:00+00:00,5470.007
2024-12-03 06:01:00+00:00,5466.083
2024-12-03 06:02:00+00:00,5465.9224
2024-12-03 06:03:00+00:00,5468.6
2024-12-03 06:04:00+00:00,5466.537
2024-12-03 06:05:00+00:00,5471.6685
2024-12-03 06:06:00+00:00,5462.7183
2024-12-03 06:07:00+00:00,5452.899
2024-12-03 06:08:00+00:00,5452.9175
2024-12-03 06:09:00+00:00,5467.8545
2024-12-03 06:10:00+00:00,5467.598
2024-12-03 06:11:00+00:00,5463.1772
2024-12-03 06:12:00+00:00,5472.136
2024-12-03 06:13:00+00:00,5468.019
2024-12-03 06:14:00+00:00,5463.4326
2024-12-03 06:15:00+00:00,5452.307
2024-12-03 06:16:00+00:00,5464.34
2024-12-03 06:17:00+00:00,5466.804
2024-12-03 06:18:00+00:00,5467.192
2024-12-03 06:19:00+00:00,5466.857
2024-12-03 06:20:00+00:00,5461.1587
2024-12-03 06:21:00+00:00,5469.033
2024-12-03 06:22:00+00:00,5456.0674
2024-12-03 06:23:00+00:00,5446.1006
2024-12-03 06:24:00+00:00,5461.2056
2024-12-03 06:25:00+00:00,5467.1104
2024-12-03 06:26:00+00:00,5462.5454
2024-12-03 06:27:00+00:00,5464.5728
2024-12-03 06:28:00+00:00,5465.1616
2024-12-03 06:29:00+00:00,5463.3433
2024-12-03 06:30:00+00:00,5463.9507
2024-12-03 06:31:00+00:00,5463.992
2024-12-03 06:32:00+00:00,5460.9785
2024-12-03 06:33:00+00:00,5463.216
2024-12-03 06:34:00+00:00,5452.7285
2024-12-03 06:35:00+00:00,5452.451
2024-12-03 06:36:00+00:00,5459.8926
2024-12-03 06:37:00+00:00,5457.8857
2024-12-03 06:38:00+00:00,5456.6514
2024-12-03 06:39:00+00:00,5459.913
2024-12-03 06:40:00+00:00,5457.3223
2024-12-03 06:41:00+00:00,5453.945
2024-12-03 06:42:00+00:00,5452.4272
2024-12-03 06:43:00+00:00,5451.6616
2024-12-03 06:44:00+00:00,5454.835
2024-12-03 06:45:00+00:00,5443.2095
2024-12-03 06:46:00+00:00,5451.2627
2024-12-03 06:47:00+00:00,5457.749
2024-12-03 06:48:00+00:00,5455.5117
2024-12-03 06:49:00+00:00,5452.719
2024-12-03 06:50:00+00:00,5453.0005
2024-12-03 06:51:00+00:00,5455.1025
2024-12-03 06:52:00+00:00,5450.735
2024-12-03 06:53:00+00:00,5454.498
2024-12-03 06:54:00+00:00,5449.434
2024-12-03 06:55:00+00:00,5455.4565
2024-12-03 06:56:00+00:00,5452.004
2024-12-03 06:57:00+00:00,5454.8237
2024-12-03 06:58:00+00:00,5451.64
2024-12-03 06:59:00+00:00,5449.833
2024-12-03 07:00:00+00:00,5450.5444
2024-12-03 07:01:00+00:00,5437.2427
2024-12-03 07:02:00+00:00,5446.5767
2024-12-03 07:03:00+00:00,5454.2456
2024-12-03 07:04:00+00:00,5453.6235
2024-12-03 07:05:00+00:00,5451.4263
2024-12-03 07:06:00+00:00,5454.249
2024-12-03 07:07:00+00:00,5456.5264
2024-12-03 07:08:00+00:00,5456.41
2024-12-03 07:09:00+00:00,5457.1484
2024-12-03 07:10:00+00:00,5459.0303
2024-12-03 07:11:00+00:00,5461.1367
2024-12-03 07:12:00+00:00,5459.1694
2024-12-03 07:13:00+00:00,5460.182
2024-12-03 07:14:00+00:00,5458.2207
2024-12-03 07:15:00+00:00,5461.2397
2024-12-03 07:16:00+00:00,5460.3345
2024-12-03 07:17:00+00:00,5458.4453
2024-12-03 07:18:00+00:00,5457.6206
2024-12-03 07:19:00+00:00,5458.9585
2024-12-03 07:20:00+00:00,5458.0215
2024-12-03 07:21:00+00:00,5458.5522
2024-12-03 07:22:00+00:00,5456.6274
2024-12-03 07:23:00+00:00,5450.4404
2024-12-03 07:24:00+00:00,5453.014
2024-12-03 07:25:00+00:00,5451.058
2024-12-03 07:26:00+00:00,5450.0034
2024-12-03 07:27:00+00:00,5448.1787
2024-12-03 07:28:00+00:00,5449.407
2024-12-03 07:29:00+00:00,5448.434
2024-12-03 07:30:00+00:00,5449.822
2024-12-03 07:31:00+00:00,5452.5913
2024-12-03 07:32:00+00:00,5456.1865
2024-12-03 07:33:00+00:00,5450.7275
2024-12-03 07:34:00+00:00,5449.264
2024-12-03 07:35:00+00:00,5447.1685
2024-12-03 07:36:00+00:00,5446.95
2024-12-03 07:37:00+00:00,5446.8022
2024-12-03 07:38:00+00:00,5438.656
2024-12-03 07:39:00+00:00,5447.4746
2024-12-03 07:40:00+00:00,5447.8457
2024-12-03 07:41:00+00:00,5447.903
2024-12-03 07:42:00+00:00,5438.238
2024-12-03 07:43:00+00:00,5443.2603
2024-12-03 07:44:00+00:00,5443.9766
2024-12-03 07:45:00+00:00,5452.153
2024-12-03 07:46:00+00:00,5452.906
2024-12-03 07:47:00+00:00,5449.1646
2024-12-03 07:48:00+00:00,5451.4614
2024-12-03 07:49:00+00:00,5453.1978
2024-12-03 07:50:00+00:00,5450.3823
2024-12-03 07:51:00+00:00,5455.849
2024-12-03 07:52:00+00:00,5454.8325
2024-12-03 07:53:00+00:00,5458.3413
2024-12-03 07:54:00+00:00,5446.461
2024-12-03 07:55:00+00:00,5457.127
2024-12-03 07:56:00+00:00,5453.5684
2024-12-03 07:57:00+00:00,5453.2617
2024-12-03 07:58:00+00:00,5449.9683
2024-12-03 07:59:00+00:00,5447.294
2024-12-03 08:00:00+00:00,5456.151
2024-12-03 08:01:00+00:00,5460.934
2024-12-03 08:02:00+00:00,5458.4277
2024-12-03 08:03:00+00:00,5451.4653
2024-12-03 08:04:00+00:00,5457.7065
2024-12-03 08:05:00+00:00,5458.193
2024-12-03 08:06:00+00:00,5458.8364
2024-12-03 08:07:00+00:00,5458.551
2024-12-03 08:08:00+00:00,5456.6196
2024-12-03 08:09:00+00:00,5456.6357
2024-12-03 08:10:00+00:00,5450.19
2024-12-03 08:11:00+00:00,5457.5244
2024-12-03 08:12:00+00:00,5457.3657
2024-12-03 08:13:00+00:00,5458.5923
2024-12-03 08:14:00+00:00,5450.6484
2024-12-03 08:15:00+00:00,5459.9243
2024-12-03 08:16:00+00:00,5465.016
2024-12-03 08:17:00+00:00,5460.267
2024-12-03 08:18:00+00:00,5462.195
2024-12-03 08:19:00+00:00,5460.4785
2024-12-03 08:20:00+00:00,5459.841
2024-12-03 08:21:00+00:00,5458.9014
2024-12-03 08:22:00+00:00,5458.742
2024-12-03 08:23:00+00:00,5457.788
2024-12-03 08:24:00+00:00,5460.5728
2024-12-03 08:25:00+00:00,5459.3804
2024-12-03 08:26:00+00:00,5456.4985
2024-12-03 08:27:00+00:00,5460.5454
2024-12-03 08:28:00+00:00,5466.698
2024-12-03 08:29:00+00:00,5459.434
2024-12-03 08:30:00+00:00,5450.185
2024-12-03 08:31:00+00:00,5460.5273
2024-12-03 08:32:00+00:00,5465.554
2024-12-03 08:33:00+00:00,5453.34
2024-12-03 08:34:00+00:00,5461.1226
2024-12-03 08:35:00+00:00,5454.3247
2024-12-03 08:36:00+00:00,5445.3193
2024-12-03 08:37:00+00:00,5454.158
2024-12-03 08:38:00+00:00,5451.699
2024-12-03 08:39:00+00:00,5460.684
2024-12-03 08:40:00+00:00,5450.0327
2024-12-03 08:41:00+00:00,5459.264
2024-12-03 08:42:00+00:00,5452.0405
2024-12-03 08:43:00+00:00,5447.1206
2024-12-03 08:44:00+00:00,5447.9526
2024-12-03 08:45:00+00:00,5452.667
2024-12-03 08:46:00+00:00,5452.5776
2024-12-03 08:47:00+00:00,5450.0283
2024-12-03 08:48:00+00:00,5456.6777
2024-12-03 08:49:00+00:00,5458.42
2024-12-03 08:50:00+00:00,5458.275
2024-12-03 08:51:00+00:00,5459.426
2024-12-03 08:52:00+00:00,5454.7397
2024-12-03 08:53:00+00:00,5450.81
2024-12-03 08:54:00+00:00,5456.213
2024-12-03 08:55:00+00:00,5455.7812
2024-12-03 08:56:00+00:00,5458.159
2024-12-03 08:57:00+00:00,5458.8145
2024-12-03 08:58:00+00:00,5460.0684
2024-12-03 08:59:00+00:00,5458.601
2024-12-03 09:00:00+00:00,5459.098
2024-12-03 09:01:00+00:00,5448.427
2024-12-03 09:02:00+00:00,5444.3833
2024-12-03 09:03:00+00:00,5442.5845
2024-12-03 09:04:00+00:00,5451.719
2024-12-03 09:05:00+00:00,5457.82
2024-12-03 09:06:00+00:00,5462.2793
2024-12-03 09:07:00+00:00,5460.1147
2024-12-03 09:08:00+00:00,5464.2593
2024-12-03 09:09:00+00:00,5461.646
2024-12-03 09:10:00+00:00,5464.178
2024-12-03 09:11:00+00:00,5464.7134
2024-12-03 09:12:00+00:00,5460.099
2024-12-03 09:13:00+00:00,5463.611
2024-12-03 09:14:00+00:00,5462.697
2024-12-03 09:15:00+00:00,5460.871
2024-12-03 09:16:00+00:00,5462.6597
2024-12-03 09:17:00+00:00,5462.587
2024-12-03 09:18:00+00:00,5465.276
2024-12-03 09:19:00+00:00,5459.5186
2024-12-03 09:20:00+00:00,5461.458
2024-12-03 09:21:00+00:00,5460.604
2024-12-03 09:22:00+00:00,5465.7715
2024-12-03 09:23:00+00:00,5461.0947
2024-12-03 09:24:00+00:00,5465.095
2024-12-03 09:25:00+00:00,5475.5356
2024-12-03 09:26:00+00:00,5470.094
2024-12-03 09:27:00+00:00,5456.941
2024-12-03 09:28:00+00:00,5463.9326
2024-12-03 09:29:00+00:00,5464.2544
2024-12-03 09:30:00+00:00,5463.5156
2024-12-03 09:31:00+00:00,5462.9033
2024-12-03 09:32:00+00:00,5463.9604
2024-12-03 09:33:00+00:00,5463.5034
2024-12-03 09:34:00+00:00,5464.2876
2024-12-03 09:35:00+00:00,5465.4556
2024-12-03 09:36:00+00:00,5465.0107
2024-12-03 09:37:00+00:00,5462.7896
2024-12-03 09:38:00+00:00,5464.6665
2024-12-03 09:39:00+00:00,5462.283
2024-12-03 09:40:00+00:00,5458.0684
2024-12-03 09:41:00+00:00,5449.259
2024-12-03 09:42:00+00:00,5462.784
2024-12-03 09:43:00+00:00,5460.7075
2024-12-03 09:44:00+00:00,5455.14
2024-12-03 09:45:00+00:00,5459.2686
2024-12-03 09:46:00+00:00,5461.2607
2024-12-03 09:47:00+00:00,5464.761
2024-12-03 09:48:00+00:00,5457.3843
2024-12-03 09:49:00+00:00,5455.6255
2024-12-03 09:50:00+00:00,5446.3853
2024-12-03 09:51:00+00:00,5444.8345
2024-12-03 09:52:00+00:00,5457.124
2024-12-03 09:53:00+00:00,5455.513
2024-12-03 09:54:00+00:00,5454.643
2024-12-03 09:55:00+00:00,5459.6694
2024-12-03 09:56:00+00:00,5454.358
2024-12-03 09:57:00+00:00,5454.2563
2024-12-03 09:58:00+00:00,5453.321
2024-12-03 09:59:00+00:00,5454.748
2024-12-04 03:45:00+00:00,5428.321
2024-12-04 03:46:00+00:00,5449.7476
2024-12-04 03:47:00+00:00,5450.1323
2024-12-04 03:48:00+00:00,5450.9175
2024-12-04 03:49:00+00:00,5456.388
2024-12-04 03:50:00+00:00,5460.755
2024-12-04 03:51:00+00:00,5467.826
2024-12-04 03:52:00+00:00,5465.6187
2024-12-04 03:53:00+00:00,5469.574
2024-12-04 03:54:00+00:00,5472.594
2024-12-04 03:55:00+00:00,5472.5977
2024-12-04 03:56:00+00:00,5468.224
2024-12-04 03:57:00+00:00,5468.7695
2024-12-04 03:58:00+00:00,5475.851
2024-12-04 03:59:00+00:00,5478.037
2024-12-04 04:00:00+00:00,5474.3926
2024-12-04 04:01:00+00:00,5481.8843
2024-12-04 04:02:00+00:00,5483.2837
2024-12-04 04:03:00+00:00,5485.587
2024-12-04 04:04:00+00:00,5484.013
2024-12-04 04:05:00+00:00,5488.891
2024-12-04 04:06:00+00:00,5480.156
2024-12-04 04:07:00+00:00,5481.204
2024-12-04 04:08:00+00:00,5483.777
2024-12-04 04:09:00+00:00,5484.069
2024-12-04 04:10:00+00:00,5485.321
2024-12-04 04:11:00+00:00,5485.565
2024-12-04 04:12:00+00:00,5475.4253
2024-12-04 04:13:00+00:00,5483.444
2024-12-04 04:14:00+00:00,5486.1343
2024-12-04 04:15:00+00:00,5473.1113
2024-12-04 04:16:00+00:00,5468.9165
2024-12-04 04:17:00+00:00,5473.793
2024-12-04 04:18:00+00:00,5462.658
2024-12-04 04:19:00+00:00,5471.958
2024-12-04 04:20:00+00:00,5475.3784
2024-12-04 04:21:00+00:00,5474.7104
2024-12-04 04:22:00+00:00,5474.113
2024-12-04 04:23:00+00:00,5468.2134
2024-12-04 04:24:00+00:00,5476.0522
2024-12-04 04:25:00+00:00,5478.6875
2024-12-04 04:26:00+00:00,5468.961
2024-12-04 04:27:00+00:00,5478.0503
2024-12-04 04:28:00+00:00,5475.1396
2024-12-04 04:29:00+00:00,5473.5566
2024-12-04 04:30:00+00:00,5482.984
2024-12-04 04:31:00+00:00,5471.6904
2024-12-04 04:32:00+00:00,5482.0317
2024-12-04 04:33:00+00:00,5485.1836
2024-12-04 04:34:00+00:00,5478.924
2024-12-04 04:35:00+00:00,5485.603
2024-12-04 04:36:00+00:00,5478.586
2024-12-04 04:37:00+00:00,5475.4375
2024-12-04 04:38:00+00:00,5460.864
2024-12-04 04:39:00+00:00,5453.6895
2024-12-04 04:40:00+00:00,5464.3164
2024-12-04 04:41:00+00:00,5468.573
2024-12-04 04:42:00+00:00,5471.161
2024-12-04 04:43:00+00:00,5465.473
2024-12-04 04:44:00+00:00,5463.9565
2024-12-04 04:45:00+00:00,5470.588
2024-12-04 04:46:00+00:00,5468.0073
2024-12-04 04:47:00+00:00,5472.193
2024-12-04 04:48:00+00:00,5460.7275
2024-12-04 04:49:00+00:00,5463.459
2024-12-04 04:50:00+00:00,5464.2524
2024-12-04 04:51:00+00:00,5453.863
2024-12-04 04:52:00+00:00,5471.6675
2024-12-04 04:53:00+00:00,5465.896
2024-12-04 04:54:00+00:00,5469.6895
2024-12-04 04:55:00+00:00,5472.8438
2024-12-04 04:56:00+00:00,5470.984
2024-12-04 04:57:00+00:00,5472.306
2024-12-04 04:58:00+00:00,5477.217
2024-12-04 04:59:00+00:00,5477.3003
2024-12-04 05:00:00+00:00,5478.279
2024-12-04 05:01:00+00:00,5475.1426
2024-12-04 05:02:00+00:00,5474.1045
2024-12-04 05:03:00+00:00,5475.3037
2024-12-04 05:04:00+00:00,5469.575
2024-12-04 05:05:00+00:00,5469.1934
2024-12-04 05:06:00+00:00,5473.671
2024-12-04 05:07:00+00:00,5478.944
2024-12-04 05:08:00+00:00,5463.7993
2024-12-04 05:09:00+00:00,5456.5933
2024-12-04 05:10:00+00:00,5470.7017
2024-12-04 05:11:00+00:00,5451.188
2024-12-04 05:12:00+00:00,5464.469
2024-12-04 05:13:00+00:00,5473.0615
2024-12-04 05:14:00+00:00,5467.014
2024-12-04 05:15:00+00:00,5465.7783
2024-12-04 05:16:00+00:00,5477.646
2024-12-04 05:17:00+00:00,5468.2173
2024-12-04 05:18:00+00:00,5466.6255
2024-12-04 05:19:00+00:00,5465.6704
2024-12-04 05:20:00+00:00,5473.824
2024-12-04 05:21:00+00:00,5467.9106
2024-12-04 05:22:00+00:00,5457.618
2024-12-04 05:23:00+00:00,5469.716
2024-12-04 05:24:00+00:00,5475.8496
2024-12-04 05:25:00+00:00,5471.9478
2024-12-04 05:26:00+00:00,5474.448
2024-12-04 05:27:00+00:00,5476.173
2024-12-04 05:28:00+00:00,5472.8506
2024-12-04 05:29:00+00:00,5471.6235
2024-12-04 05:30:00+00:00,5466.931
2024-12-04 05:31:00+00:00,5470.142
2024-12-04 05:32:00+00:00,5475.189
2024-12-04 05:33:00+00:00,5469.8115
2024-12-04 05:34:00+00:00,5468.7686
2024-12-04 05:35:00+00:00,5459.545
2024-12-04 05:36:00+00:00,5467.23
2024-12-04 05:37:00+00:00,5471.7285
2024-12-04 05:38:00+00:00,5478.466
2024-12-04 05:39:00+00:00,5479.4185
2024-12-04 05:40:00+00:00,5475.4146
2024-12-04 05:41:00+00:00,5467.019
2024-12-04 05:42:00+00:00,5456.556
2024-12-04 05:43:00+00:00,5460.4844
2024-12-04 05:44:00+00:00,5455.9023
2024-12-04 05:45:00+00:00,5467.769
2024-12-04 05:46:00+00:00,5464.2324
2024-12-04 05:47:00+00:00,5448.8594
2024-12-04 05:48:00+00:00,5462.1885
2024-12-04 05:49:00+00:00,5464.446
2024-12-04 05:50:00+00:00,5450.4736
2024-12-04 05:51:00+00:00,5465.2866
2024-12-04 05:52:00+00:00,5448.075
2024-12-04 05:53:00+00:00,5452.8613
2024-12-04 05:54:00+00:00,5453.072
2024-12-04 05:55:00+00:00,5456.6123
2024-12-04 05:56:00+00:00,5451.5137
2024-12-04 05:57:00+00:00,5463.5024
2024-12-04 05:58:00+00:00,5457.2935
2024-12-04 05:59:00+00:00,5463.1553
2024-12-04 06:00:00+00:00,5460.5347
2024-12-04 06:01:00+00:00,5466.476
2024-12-04 06:02:00+00:00,5465.7124
2024-12-04 06:03:00+00:00,5467.3003
2024-12-04 06:04:00+00:00,5465.461
2024-12-04 06:05:00+00:00,5470.674
2024-12-04 06:06:00+00:00,5473.513
2024-12-04 06:07:00+00:00,5467.789
2024-12-04 06:08:00+00:00,5469.4395
2024-12-04 06:09:00+00:00,5470.3936
2024-12-04 06:10:00+00:00,5472.645
2024-12-04 06:11:00+00:00,5474.0234
2024-12-04 06:12:00+00:00,5474.1914
2024-12-04 06:13:00+00:00,5471.182
2024-12-04 06:14:00+00:00,5472.4854
2024-12-04 06:15:00+00:00,5478.8013
2024-12-04 06:16:00+00:00,5473.905
2024-12-04 06:17:00+00:00,5473.0684
2024-12-04 06:18:00+00:00,5461.0376
2024-12-04 06:19:00+00:00,5474.8325
2024-12-04 06:20:00+00:00,5469.199
2024-12-04 06:21:00+00:00,5470.6807
2024-12-04 06:22:00+00:00,5456.9053
2024-12-04 06:23:00+00:00,5469.052
2024-12-04 06:24:00+00:00,5470.645
2024-12-04 06:25:00+00:00,5461.9165
2024-12-04 06:26:00+00:00,5451.057
2024-12-04 06:27:00+00:00,5446.6567
2024-12-04 06:28:00+00:00,5446.107
2024-12-04 06:29:00+00:00,5446.0522
2024-12-04 06:30:00+00:00,5436.289
2024-12-04 06:31:00+00:00,5444.0366
2024-12-04 06:32:00+00:00,5446.798
2024-12-04 06:33:00+00:00,5457.037
2024-12-04 06:34:00+00:00,5456.384
2024-12-04 06:35:00+00:00,5456.1934
2024-12-04 06:36:00+00:00,5452.987
2024-12-04 06:37:00+00:00,5450.4385
2024-12-04 06:38:00+00:00,5452.0547
2024-12-04 06:39:00+00:00,5460.594
2024-12-04 06:40:00+00:00,5459.362
2024-12-04 06:41:00+00:00,5460.027
2024-12-04 06:42:00+00:00,5460.9194
2024-12-04 06:43:00+00:00,5461.224
2024-12-04 06:44:00+00:00,5463.836
2024-12-04 06:45:00+00:00,5468.1577
2024-12-04 06:46:00+00:00,5471.2593
2024-12-04 06:47:00+00:00,5468.375
2024-12-04 06:48:00+00:00,5462.853
2024-12-04 06:49:00+00:00,5464.5786
2024-12-04 06:50:00+00:00,5464.7837
2024-12-04 06:51:00+00:00,5471.462
2024-12-04 06:52:00+00:00,5467.618
2024-12-04 06:53:00+00:00,5469.231
2024-12-04 06:54:00+00:00,5469.182
2024-12-04 06:55:00+00:00,5469.789
2024-12-04 06:56:00+00:00,5469.535
2024-12-04 06:57:00+00:00,5469.887
2024-12-04 06:58:00+00:00,5472.7764
2024-12-04 06:59:00+00:00,5470.7075
2024-12-04 07:00:00+00:00,5457.7793
2024-12-04 07:01:00+00:00,5467.2554
2024-12-04 07:02:00+00:00,5468.397
2024-12-04 07:03:00+00:00,5469.5435
2024-12-04 07:04:00+00:00,5468.82
2024-12-04 07:05:00+00:00,5451.2246
2024-12-04 07:06:00+00:00,5461.857
2024-12-04 07:07:00+00:00,5466.0127
2024-12-04 07:08:00+00:00,5455.1274
2024-12-04 07:09:00+00:00,5449.8677
2024-12-04 07:10:00+00:00,5462.3315
2024-12-04 07:11:00+00:00,5463.1367
2024-12-04 07:12:00+00:00,5459.2954
2024-12-04 07:13:00+00:00,5460.2095
2024-12-04 07:14:00+00:00,5460.503
2024-12-04 07:15:00+00:00,5464.635
2024-12-04 07:16:00+00:00,5461.7495
2024-12-04 07:17:00+00:00,5467.591
2024-12-04 07:18:00+00:00,5461.6104
2024-12-04 07:19:00+00:00,5451.531
2024-12-04 07:20:00+00:00,5460.462
2024-12-04 07:21:00+00:00,5464.7295
2024-12-04 07:22:00+00:00,5473.0093
2024-12-04 07:23:00+00:00,5470.974
2024-12-04 07:24:00+00:00,5474.33
2024-12-04 07:25:00+00:00,5463.466
2024-12-04 07:26:00+00:00,5462.169
2024-12-04 07:27:00+00:00,5469.9976
2024-12-04 07:28:00+00:00,5466.3394
2024-12-04 07:29:00+00:00,5461.95
2024-12-04 07:30:00+00:00,5461.064
2024-12-04 07:31:00+00:00,5462.2153
2024-12-04 07:32:00+00:00,5463.011
2024-12-04 07:33:00+00:00,5466.452
2024-12-04 07:34:00+00:00,5460.6577
2024-12-04 07:35:00+00:00,5457.1577
2024-12-04 07:36:00+00:00,5465.177
2024-12-04 07:37:00+00:00,5465.9634
2024-12-04 07:38:00+00:00,5461.686
2024-12-04 07:39:00+00:00,5462.843
2024-12-04 07:40:00+00:00,5472.823
2024-12-04 07:41:00+00:00,5477.0977
2024-12-04 07:42:00+00:00,5469.828
2024-12-04 07:43:00+00:00,5466.0356
2024-12-04 07:44:00+00:00,5471.6567
2024-12-04 07:45:00+00:00,5471.2637
2024-12-04 07:46:00+00:00,5472.3823
2024-12-04 07:47:00+00:00,5466.166
2024-12-04 07:48:00+00:00,5474.537
2024-12-04 07:49:00+00:00,5465.1226
2024-12-04 07:50:00+00:00,5466.0864
2024-12-04 07:51:00+00:00,5472.4077
2024-12-04 07:52:00+00:00,5463.11
2024-12-04 07:53:00+00:00,5469.0146
2024-12-04 07:54:00+00:00,5471.757
2024-12-04 07:55:00+00:00,5479.121
2024-12-04 07:56:00+00:00,5469.36
2024-12-04 07:57:00+00:00,5474.0405
2024-12-04 07:58:00+00:00,5472.43
2024-12-04 07:59:00+00:00,5465.4985
2024-12-04 08:00:00+00:00,5469.6094
2024-12-04 08:01:00+00:00,5470.8755
2024-12-04 08:02:00+00:00,5475.288
2024-12-04 08:03:00+00:00,5472.8896
2024-12-04 08:04:00+00:00,5475.6875
2024-12-04 08:05:00+00:00,5475.0625
2024-12-04 08:06:00+00:00,5469.913
2024-12-04 08:07:00+00:00,5469.031
2024-12-04 08:08:00+00:00,5460.821
2024-12-04 08:09:00+00:00,5473.2373
2024-12-04 08:10:00+00:00,5470.2446
2024-12-04 08:11:00+00:00,5468.757
2024-12-04 08:12:00+00:00,5469.6626
2024-12-04 08:13:00+00:00,5470.287
2024-12-04 08:14:00+00:00,5472.3413
2024-12-04 08:15:00+00:00,5465.8584
2024-12-04 08:16:00+00:00,5463.5337
2024-12-04 08:17:00+00:00,5468.1807
2024-12-04 08:18:00+00:00,5466.241
2024-12-04 08:19:00+00:00,5469.151
2024-12-04 08:20:00+00:00,5470.4424
2024-12-04 08:21:00+00:00,5466.056
2024-12-04 08:22:00+00:00,5463.93
2024-12-04 08:23:00+00:00,5470.8213
2024-12-04 08:24:00+00:00,5464.5894
2024-12-04 08:25:00+00:00,5470.0845
2024-12-04 08:26:00+00:00,5465.4146
2024-12-04 08:27:00+00:00,5470.0825
2024-12-04 08:28:00+00:00,5477.087
2024-12-04 08:29:00+00:00,5474.2817
2024-12-04 08:30:00+00:00,5473.0083
2024-12-04 08:31:00+00:00,5476.8345
2024-12-04 08:32:00+00:00,5467.6123
2024-12-04 08:33:00+00:00,5471.711
2024-12-04 08:34:00+00:00,5474.038
2024-12-04 08:35:00+00:00,5476.5825
2024-12-04 08:36:00+00:00,5472.2188
2024-12-04 08:37:00+00:00,5472.1045
2024-12-04 08:38:00+00:00,5464.0054
2024-12-04 08:39:00+00:00,5475.628
2024-12-04 08:40:00+00:00,5471.2197
2024-12-04 08:41:00+00:00,5472.4697
2024-12-04 08:42:00+00:00,5469.0713
2024-12-04 08:43:00+00:00,5470.8022
2024-12-04 08:44:00+00:00,5470.642
2024-12-04 08:45:00+00:00,5462.9453
2024-12-04 08:46:00+00:00,5460.008
2024-12-04 08:47:00+00:00,5459.2603
2024-12-04 08:48:00+00:00,5474.705
2024-12-04 08:49:00+00:00,5453.4277
2024-12-04 08:50:00+00:00,5458.47
2024-12-04 08:51:00+00:00,5455.976
2024-12-04 08:52:00+00:00,5464.2207
2024-12-04 08:53:00+00:00,5462.8594
2024-12-04 08:54:00+00:00,5463.3477
2024-12-04 08:55:00+00:00,5466.7793
2024-12-04 08:56:00+00:00,5455.405
2024-12-04 08:57:00+00:00,5450.702
2024-12-04 08:58:00+00:00,5460.1206
2024-12-04 08:59:00+00:00,5466.7188
2024-12-04 09:00:00+00:00,5465.135
2024-12-04 09:01:00+00:00,5461.644
2024-12-04 09:02:00+00:00,5447.1206
2024-12-04 09:03:00+00:00,5458.784
2024-12-04 09:04:00+00:00,5463.5894
2024-12-04 09:05:00+00:00,5450.9907
2024-12-04 09:06:00+00:00,5461.399
2024-12-04 09:07:00+00:00,5466.031
2024-12-04 09:08:00+00:00,5462.6753
2024-12-04 09:09:00+00:00,5465.9517
2024-12-04 09:10:00+00:00,5465.1978
2024-12-04 09:11:00+00:00,5471.936
2024-12-04 09:12:00+00:00,5468.4365
2024-12-04 09:13:00+00:00,5460.133
2024-12-04 09:14:00+00:00,5467.626
2024-12-04 09:15:00+00:00,5468.9404
2024-12-04 09:16:00+00:00,5474.561
2024-12-04 09:17:00+00:00,5468.431
2024-12-04 09:18:00+00:00,5468.6753
2024-12-04 09:19:00+00:00,5469.535
2024-12-04 09:20:00+00:00,5467.8
2024-12-04 09:21:00+00:00,5468.989
2024-12-04 09:22:00+00:00,5467.555
2024-12-04 09:23:00+00:00,5470.2773
2024-12-04 09:24:00+00:00,5456.597
2024-12-04 09:25:00+00:00,5462.2563
2024-12-04 09:26:00+00:00,5462.133
2024-12-04 09:27:00+00:00,5467.88
2024-12-04 09:28:00+00:00,5454.46
2024-12-04 09:29:00+00:00,5468.3135
2024-12-04 09:30:00+00:00,5472.451
2024-12-04 09:31:00+00:00,5473.249
2024-12-04 09:32:00+00:00,5476.1377
2024-12-04 09:33:00+00:00,5473.9556
2024-12-04 09:34:00+00:00,5476.518
2024-12-04 09:35:00+00:00,5474.2812
2024-12-04 09:36:00+00:00,5473.838
2024-12-04 09:37:00+00:00,5476.917
2024-12-04 09:38:00+00:00,5479.537
2024-12-04 09:39:00+00:00,5479.3125
2024-12-04 09:40:00+00:00,5468.6343
2024-12-04 09:41:00+00:00,5486.6147
2024-12-04 09:42:00+00:00,5480.1113
2024-12-04 09:43:00+00:00,5478.5845
2024-12-04 09:44:00+00:00,5479.1143
2024-12-04 09:45:00+00:00,5468.256
2024-12-04 09:46:00+00:00,5476.6426
2024-12-04 09:47:00+00:00,5474.82
2024-12-04 09:48:00+00:00,5469.4
2024-12-04 09:49:00+00:00,5455.8467
2024-12-04 09:50:00+00:00,5465.522
2024-12-04 09:51:00+00:00,5464.771
2024-12-04 09:52:00+00:00,5470.3613
2024-12-04 09:53:00+00:00,5455.702
2024-12-04 09:54:00+00:00,5467.762
2024-12-04 09:55:00+00:00,5455.3813
2024-12-04 09:56:00+00:00,5465.677
2024-12-04 09:57:00+00:00,5466.223
2024-12-04 09:58:00+00:00,5465.008
2024-12-04 09:59:00+00:00,5446.449
2024-12-05 03:45:00+00:00,5460.622
2024-12-05 03:46:00+00:00,5466.7354
2024-12-05 03:47:00+00:00,5469.847
2024-12-05 03:48:00+00:00,5475.3716
2024-12-05 03:49:00+00:00,5477.6685
2024-12-05 03:50:00+00:00,5476.967
2024-12-05 03:51:00+00:00,5468.7227
2024-12-05 03:52:00+00:00,5466.5137
2024-12-05 03:53:00+00:00,5472.434
2024-12-05 03:54:00+00:00,5471.1963
2024-12-05 03:55:00+00:00,5471.2173
2024-12-05 03:56:00+00:00,5475.664
2024-12-05 03:57:00+00:00,5472.365
2024-12-05 03:58:00+00:00,5473.0186
2024-12-05 03:59:00+00:00,5474.221
2024-12-05 04:00:00+00:00,5476.0566
2024-12-05 04:01:00+00:00,5472.867
2024-12-05 04:02:00+00:00,5474.963
2024-12-05 04:03:00+00:00,5473.845
2024-12-05 04:04:00+00:00,5470.015
2024-12-05 04:05:00+00:00,5476.677
2024-12-05 04:06:00+00:00,5476.112
2024-12-05 04:07:00+00:00,5468.797
2024-12-05 04:08:00+00:00,5473.221
2024-12-05 04:09:00+00:00,5475.6377
2024-12-05 04:10:00+00:00,5476.5874
2024-12-05 04:11:00+00:00,5480.314
2024-12-05 04:12:00+00:00,5477.2485
2024-12-05 04:13:00+00:00,5480.4897
2024-12-05 04:14:00+00:00,5473.4023
2024-12-05 04:15:00+00:00,5476.1924
2024-12-05 04:16:00+00:00,5473.727
2024-12-05 04:17:00+00:00,5477.057
2024-12-05 04:18:00+00:00,5463.3237
2024-12-05 04:19:00+00:00,5470.579
2024-12-05 04:20:00+00:00,5469.325
2024-12-05 04:21:00+00:00,5475.8774
2024-12-05 04:22:00+00:00,5477.484
2024-12-05 04:23:00+00:00,5476.6313
2024-12-05 04:24:00+00:00,5468.775
2024-12-05 04:25:00+00:00,5477.604
2024-12-05 04:26:00+00:00,5480.6206
2024-12-05 04:27:00+00:00,5475.339
2024-12-05 04:28:00+00:00,5462.388
2024-12-05 04:29:00+00:00,5472.42
2024-12-05 04:30:00+00:00,5458.9497
2024-12-05 04:31:00+00:00,5460.585
2024-12-05 04:32:00+00:00,5463.6035
2024-12-05 04:33:00+00:00,5466.3457
2024-12-05 04:34:00+00:00,5466.3623
2024-12-05 04:35:00+00:00,5472.655
2024-12-05 04:36:00+00:00,5467.598
2024-12-05 04:37:00+00:00,5470.287
2024-12-05 04:38:00+00:00,5472.7993
2024-12-05 04:39:00+00:00,5475.5054
2024-12-05 04:40:00+00:00,5475.482
2024-12-05 04:41:00+00:00,5477.815
2024-12-05 04:42:00+00:00,5474.5127
2024-12-05 04:43:00+00:00,5470.204
2024-12-05 04:44:00+00:00,5481.6963
2024-12-05 04:45:00+00:00,5474.387
2024-12-05 04:46:00+00:00,5483.7715
2024-12-05 04:47:00+00:00,5464.7065
2024-12-05 04:48:00+00:00,5469.11
2024-12-05 04:49:00+00:00,5468.88
2024-12-05 04:50:00+00:00,5472.187
2024-12-05 04:51:00+00:00,5468.1797
2024-12-05 04:52:00+00:00,5478.806
2024-12-05 04:53:00+00:00,5469.0435
2024-12-05 04:54:00+00:00,5473.9766
2024-12-05 04:55:00+00:00,5468.183
2024-12-05 04:56:00+00:00,5463.7236
2024-12-05 04:57:00+00:00,5472.073
2024-12-05 04:58:00+00:00,5479.1304
2024-12-05 04:59:00+00:00,5469.3804
2024-12-05 05:00:00+00:00,5468.107
2024-12-05 05:01:00+00:00,5478.6587
2024-12-05 05:02:00+00:00,5483.6753
2024-12-05 05:03:00+00:00,5478.3945
2024-12-05 05:04:00+00:00,5478.055
2024-12-05 05:05:00+00:00,5481.1313
2024-12-05 05:06:00+00:00,5481.109
2024-12-05 05:07:00+00:00,5480.0903
2024-12-05 05:08:00+00:00,5474.2275
2024-12-05 05:09:00+00:00,5481.6226
2024-12-05 05:10:00+00:00,5479.804
2024-12-05 05:11:00+00:00,5479.864
2024-12-05 05:12:00+00:00,5485.435
2024-12-05 05:13:00+00:00,5474.966
2024-12-05 05:14:00+00:00,5477.4995
2024-12-05 05:15:00+00:00,5482.3047
2024-12-05 05:16:00+00:00,5472.318
2024-12-05 05:17:00+00:00,5474.147
2024-12-05 05:18:00+00:00,5478.48
2024-12-05 05:19:00+00:00,5480.1035
2024-12-05 05:20:00+00:00,5483.945
2024-12-05 05:21:00+00:00,5486.5205
2024-12-05 05:22:00+00:00,5476.7803
2024-12-05 05:23:00+00:00,5475.612
2024-12-05 05:24:00+00:00,5465.583
2024-12-05 05:25:00+00:00,5467.987
2024-12-05 05:26:00+00:00,5458.2188
2024-12-05 05:27:00+00:00,5469.5913
2024-12-05 05:28:00+00:00,5451.798
2024-12-05 05:29:00+00:00,5454.1353
2024-12-05 05:30:00+00:00,5460.0884
2024-12-05 05:31:00+00:00,5460.1963
2024-12-05 05:32:00+00:00,5461.397
2024-12-05 05:33:00+00:00,5470.2983
2024-12-05 05:34:00+00:00,5473.669
2024-12-05 05:35:00+00:00,5462.9927
2024-12-05 05:36:00+00:00,5471.324
2024-12-05 05:37:00+00:00,5473.3057
2024-12-05 05:38:00+00:00,5464.243
2024-12-05 05:39:00+00:00,5472.3105
2024-12-05 05:40:00+00:00,5464.512
2024-12-05 05:41:00+00:00,5473.823
2024-12-05 05:42:00+00:00,5480.852
2024-12-05 05:43:00+00:00,5461.951
2024-12-05 05:44:00+00:00,5469.695
2024-12-05 05:45:00+00:00,5470.7056
2024-12-05 05:46:00+00:00,5463.822
2024-12-05 05:47:00+00:00,5464.233
2024-12-05 05:48:00+00:00,5465.981
2024-12-05 05:49:00+00:00,5455.334
2024-12-05 05:50:00+00:00,5461.5728
2024-12-05 05:51:00+00:00,5463.601
2024-12-05 05:52:00+00:00,5469.415
2024-12-05 05:53:00+00:00,5455.0464
2024-12-05 05:54:00+00:00,5470.275
2024-12-05 05:55:00+00:00,5471.842
2024-12-05 05:56:00+00:00,5460.38
2024-12-05 05:57:00+00:00,5457.426
2024-12-05 05:58:00+00:00,5458.6206
2024-12-05 05:59:00+00:00,5470.8213
2024-12-05 06:00:00+00:00,5462.1445
2024-12-05 06:01:00+00:00,5456.793
2024-12-05 06:02:00+00:00,5470.0146
2024-12-05 06:03:00+00:00,5475.4507
2024-12-05 06:04:00+00:00,5454.2524
2024-12-05 06:05:00+00:00,5455.4097
2024-12-05 06:06:00+00:00,5470.471
2024-12-05 06:07:00+00:00,5466.334
2024-12-05 06:08:00+00:00,5465.992
2024-12-05 06:09:00+00:00,5471.4365
2024-12-05 06:10:00+00:00,5461.3193
2024-12-05 06:11:00+00:00,5467.84
2024-12-05 06:12:00+00:00,5470.4014
2024-12-05 06:13:00+00:00,5458.4697
2024-12-05 06:14:00+00:00,5474.513
2024-12-05 06:15:00+00:00,5464.759
2024-12-05 06:16:00+00:00,5468.2803
2024-12-05 06:17:00+00:00,5451.857
2024-12-05 06:18:00+00:00,5467.865
2024-12-05 06:19:00+00:00,5471.7
2024-12-05 06:20:00+00:00,5465.4697
2024-12-05 06:21:00+00:00,5475.2
2024-12-05 06:22:00+00:00,5475.286
2024-12-05 06:23:00+00:00,5466.5103
2024-12-05 06:24:00+00:00,5463.4883
2024-12-05 06:25:00+00:00,5468.6294
2024-12-05 06:26:00+00:00,5467.707
2024-12-05 06:27:00+00:00,5456.0796
2024-12-05 06:28:00+00:00,5456.378
2024-12-05 06:29:00+00:00,5464.46
2024-12-05 06:30:00+00:00,5466.98
2024-12-05 06:31:00+00:00,5471.86
2024-12-05 06:32:00+00:00,5461.505
2024-12-05 06:33:00+00:00,5465.251
2024-12-05 06:34:00+00:00,5466.22
2024-12-05 06:35:00+00:00,5466.777
2024-12-05 06:36:00+00:00,5473.2183
2024-12-05 06:37:00+00:00,5474.2637
2024-12-05 06:38:00+00:00,5475.042
2024-12-05 06:39:00+00:00,5467.7134
2024-12-05 06:40:00+00:00,5472.8613
2024-12-05 06:41:00+00:00,5478.2354
2024-12-05 06:42:00+00:00,5479.837
2024-12-05 06:43:00+00:00,5480.6655
2024-12-05 06:44:00+00:00,5482.3784
2024-12-05 06:45:00+00:00,5478.8823
2024-12-05 06:46:00+00:00,5477.594
2024-12-05 06:47:00+00:00,5478.4927
2024-12-05 06:48:00+00:00,5479.5757
2024-12-05 06:49:00+00:00,5481.0054
2024-12-05 06:50:00+00:00,5480.8794
2024-12-05 06:51:00+00:00,5473.33
2024-12-05 06:52:00+00:00,5477.306
2024-12-05 06:53:00+00:00,5476.62
2024-12-05 06:54:00+00:00,5477.883
2024-12-05 06:55:00+00:00,5476.668
2024-12-05 06:56:00+00:00,5476.834
2024-12-05 06:57:00+00:00,5477.7153
2024-12-05 06:58:00+00:00,5470.801
2024-12-05 06:59:00+00:00,5471.2686
2024-12-05 07:00:00+00:00,5477.1577
2024-12-05 07:01:00+00:00,5480.3677
2024-12-05 07:02:00+00:00,5468.6914
2024-12-05 07:03:00+00:00,5480.7993
2024-12-05 07:04:00+00:00,5468.6396
2024-12-05 07:05:00+00:00,5475.9956
2024-12-05 07:06:00+00:00,5478.2534
2024-12-05 07:07:00+00:00,5480.414
2024-12-05 07:08:00+00:00,5481.1196
2024-12-05 07:09:00+00:00,5481.724
2024-12-05 07:10:00+00:00,5480.153
2024-12-05 07:11:00+00:00,5479.728
2024-12-05 07:12:00+00:00,5472.672
2024-12-05 07:13:00+00:00,5474.1787
2024-12-05 07:14:00+00:00,5484.669
2024-12-05 07:15:00+00:00,5481.627
2024-12-05 07:16:00+00:00,5472.951
2024-12-05 07:17:00+00:00,5485.1772
2024-12-05 07:18:00+00:00,5484.2817
2024-12-05 07:19:00+00:00,5485.0884
2024-12-05 07:20:00+00:00,5479.883
2024-12-05 07:21:00+00:00,5480.287
2024-12-05 07:22:00+00:00,5480.9634
2024-12-05 07:23:00+00:00,5485.1426
2024-12-05 07:24:00+00:00,5488.41
2024-12-05 07:25:00+00:00,5477.4575
2024-12-05 07:26:00+00:00,5481.013
2024-12-05 07:27:00+00:00,5471.324
2024-12-05 07:28:00+00:00,5478.522
2024-12-05 07:29:00+00:00,5472.068
2024-12-05 07:30:00+00:00,5477.853
2024-12-05 07:31:00+00:00,5472.3013
2024-12-05 07:32:00+00:00,5474.567
2024-12-05 07:33:00+00:00,5473.5938
2024-12-05 07:34:00+00:00,5472.8657
2024-12-05 07:35:00+00:00,5471.004
2024-12-05 07:36:00+00:00,5467.475
2024-12-05 07:37:00+00:00,5458.162
2024-12-05 07:38:00+00:00,5474.991
2024-12-05 07:39:00+00:00,5468.3286
2024-12-05 07:40:00+00:00,5474.961
2024-12-05 07:41:00+00:00,5476.775
2024-12-05 07:42:00+00:00,5477.6284
2024-12-05 07:43:00+00:00,5475.83
2024-12-05 07:44:00+00:00,5483.105
2024-12-05 07:45:00+00:00,5480.6562
2024-12-05 07:46:00+00:00,5486.8457
2024-12-05 07:47:00+00:00,5485.003
2024-12-05 07:48:00+00:00,5483.5947
2024-12-05 07:49:00+00:00,5489.0093
2024-12-05 07:50:00+00:00,5481.9634
2024-12-05 07:51:00+00:00,5481.339
2024-12-05 07:52:00+00:00,5479.4014
2024-12-05 07:53:00+00:00,5484.9463
2024-12-05 07:54:00+00:00,5476.4395
2024-12-05 07:55:00+00:00,5486.418
2024-12-05 07:56:00+00:00,5477.066
2024-12-05 07:57:00+00:00,5471.454
2024-12-05 07:58:00+00:00,5482.169
2024-12-05 07:59:00+00:00,5468.59
2024-12-05 08:00:00+00:00,5483.639
2024-12-05 08:01:00+00:00,5479.6147
2024-12-05 08:02:00+00:00,5486.6597
2024-12-05 08:03:00+00:00,5480.304
2024-12-05 08:04:00+00:00,5486.3955
2024-12-05 08:06:00+00:00,5482.027
2024-12-05 08:07:00+00:00,5491.067
2024-12-05 08:08:00+00:00,5482.7744
2024-12-05 08:09:00+00:00,5481.744
2024-12-05 08:10:00+00:00,5487.6597
2024-12-05 08:11:00+00:00,5481.838
2024-12-05 08:12:00+00:00,5481.523
2024-12-05 08:13:00+00:00,5483.3667
2024-12-05 08:14:00+00:00,5481.673
2024-12-05 08:15:00+00:00,5481.534
2024-12-05 08:16:00+00:00,5481.4277
2024-12-05 08:17:00+00:00,5482.298
2024-12-05 08:18:00+00:00,5483.4863
2024-12-05 08:19:00+00:00,5480.617
2024-12-05 08:20:00+00:00,5481.773
2024-12-05 08:21:00+00:00,5478.031
2024-12-05 08:22:00+00:00,5483.0684
2024-12-05 08:23:00+00:00,5474.023
2024-12-05 08:24:00+00:00,5478.6665
2024-12-05 08:25:00+00:00,5479.7935
2024-12-05 08:26:00+00:00,5465.1694
2024-12-05 08:27:00+00:00,5482.07
2024-12-05 08:28:00+00:00,5481.4873
2024-12-05 08:29:00+00:00,5479.3203
2024-12-05 08:30:00+00:00,5489.1377
2024-12-05 08:31:00+00:00,5480.794
2024-12-05 08:32:00+00:00,5485.385
2024-12-05 08:33:00+00:00,5482.8853
2024-12-05 08:34:00+00:00,5484.998
2024-12-05 08:35:00+00:00,5483.918
2024-12-05 08:36:00+00:00,5476.2812
2024-12-05 08:37:00+00:00,5472.2007
2024-12-05 08:38:00+00:00,5481.3315
2024-12-05 08:39:00+00:00,5484.9575
2024-12-05 08:40:00+00:00,5485.3403
2024-12-05 08:41:00+00:00,5483.502
2024-12-05 08:42:00+00:00,5487.98
2024-12-05 08:43:00+00:00,5493.9556
2024-12-05 08:44:00+00:00,5490.541
2024-12-05 08:45:00+00:00,5491.5884
2024-12-05 08:46:00+00:00,5489.473
2024-12-05 08:47:00+00:00,5490.3735
2024-12-05 08:48:00+00:00,5491.048
2024-12-05 08:49:00+00:00,5491.046
2024-12-05 08:50:00+00:00,5491.224
2024-12-05 08:51:00+00:00,5494.2007
2024-12-05 08:52:00+00:00,5494.178
2024-12-05 08:53:00+00:00,5493.986
2024-12-05 08:54:00+00:00,5493.652
2024-12-05 08:55:00+00:00,5494.1714
2024-12-05 08:56:00+00:00,5493.366
2024-12-05 08:57:00+00:00,5492.912
2024-12-05 08:58:00+00:00,5496.539
2024-12-05 08:59:00+00:00,5500.7554
2024-12-05 09:00:00+00:00,5498.975
2024-12-05 09:01:00+00:00,5498.0483
2024-12-05 09:02:00+00:00,5500.115
2024-12-05 09:03:00+00:00,5501.4844
2024-12-05 09:04:00+00:00,5505.2627
2024-12-05 09:05:00+00:00,5503.66
2024-12-05 09:06:00+00:00,5506.329
2024-12-05 09:07:00+00:00,5504.557
2024-12-05 09:08:00+00:00,5505.9087
2024-12-05 09:09:00+00:00,5503.4697
2024-12-05 09:10:00+00:00,5501.175
2024-12-05 09:11:00+00:00,5497.3203
2024-12-05 09:12:00+00:00,5499.3086
2024-12-05 09:13:00+00:00,5500.372
2024-12-05 09:14:00+00:00,5500.7783
2024-12-05 09:15:00+00:00,5498.9976
2024-12-05 09:16:00+00:00,5498.699
2024-12-05 09:17:00+00:00,5501.2573
2024-12-05 09:18:00+00:00,5496.18
2024-12-05 09:19:00+00:00,5491.8823
2024-12-05 09:20:00+00:00,5490.356
2024-12-05 09:21:00+00:00,5476.415
2024-12-05 09:22:00+00:00,5480.2715
2024-12-05 09:23:00+00:00,5480.743
2024-12-05 09:24:00+00:00,5477.8657
2024-12-05 09:25:00+00:00,5476.254
2024-12-05 09:26:00+00:00,5464.358
2024-12-05 09:27:00+00:00,5457.3384
2024-12-05 09:28:00+00:00,5467.5864
2024-12-05 09:29:00+00:00,5467.2905
2024-12-05 09:30:00+00:00,5469.2783
2024-12-05 09:31:00+00:00,5473.1504
2024-12-05 09:32:00+00:00,5480.3315
2024-12-05 09:33:00+00:00,5485.9043
2024-12-05 09:34:00+00:00,5492.277
2024-12-05 09:35:00+00:00,5494.265
2024-12-05 09:36:00+00:00,5484.2812
2024-12-05 09:37:00+00:00,5484.4526
2024-12-05 09:38:00+00:00,5495.835
2024-12-05 09:39:00+00:00,5487.541
2024-12-05 09:40:00+00:00,5497.1226
2024-12-05 09:41:00+00:00,5502.26
2024-12-05 09:42:00+00:00,5503.0938
2024-12-05 09:43:00+00:00,5502.234
2024-12-05 09:44:00+00:00,5499.997
2024-12-05 09:45:00+00:00,5503.6
2024-12-05 09:46:00+00:00,5500.2593
2024-12-05 09:47:00+00:00,5500.257
2024-12-05 09:48:00+00:00,5490.609
2024-12-05 09:49:00+00:00,5492.4097
2024-12-05 09:50:00+00:00,5493.2876
2024-12-05 09:51:00+00:00,5496.4263
2024-12-05 09:52:00+00:00,5493.41
2024-12-05 09:53:00+00:00,5491.408
2024-12-05 09:54:00+00:00,5493.806
2024-12-05 09:55:00+00:00,5495.2617
2024-12-05 09:56:00+00:00,5486.0215
2024-12-05 09:57:00+00:00,5476.617
2024-12-05 09:58:00+00:00,5483.339
2024-12-05 09:59:00+00:00,5486.2476
2024-12-06 03:45:00+00:00,5472.925
2024-12-06 03:46:00+00:00,5492.3804
2024-12-06 03:47:00+00:00,5482.838
2024-12-06 03:48:00+00:00,5488.6377
2024-12-06 03:49:00+00:00,5491.192
2024-12-06 03:50:00+00:00,5489.728
2024-12-06 03:51:00+00:00,5485.0776
2024-12-06 03:52:00+00:00,5495.5757
2024-12-06 03:53:00+00:00,5486.8413
2024-12-06 03:54:00+00:00,5493.6274
2024-12-06 03:55:00+00:00,5490.678
2024-12-06 03:56:00+00:00,5492.1035
2024-12-06 03:57:00+00:00,5494.3164
2024-12-06 03:58:00+00:00,5491.743
2024-12-06 03:59:00+00:00,5491.32
2024-12-06 04:00:00+00:00,5485.499
2024-12-06 04:01:00+00:00,5490.216
2024-12-06 04:02:00+00:00,5492.5605
2024-12-06 04:03:00+00:00,5499.2974
2024-12-06 04:04:00+00:00,5492.2065
2024-12-06 04:05:00+00:00,5493.6265
2024-12-06 04:06:00+00:00,5498.801
2024-12-06 04:07:00+00:00,5498.369
2024-12-06 04:08:00+00:00,5501.893
2024-12-06 04:09:00+00:00,5497.4507
2024-12-06 04:10:00+00:00,5496.3013
2024-12-06 04:11:00+00:00,5487.9585
2024-12-06 04:12:00+00:00,5494.693
2024-12-06 04:13:00+00:00,5499.2695
2024-12-06 04:14:00+00:00,5497.061
2024-12-06 04:15:00+00:00,5497.456
2024-12-06 04:16:00+00:00,5497.8843
2024-12-06 04:17:00+00:00,5497.4287
2024-12-06 04:18:00+00:00,5501.447
2024-12-06 04:19:00+00:00,5498.7173
2024-12-06 04:20:00+00:00,5500.0933
2024-12-06 04:21:00+00:00,5493.885
2024-12-06 04:22:00+00:00,5499.2817
2024-12-06 04:23:00+00:00,5497.152
2024-12-06 04:24:00+00:00,5498.6353
2024-12-06 04:25:00+00:00,5498.2017
2024-12-06 04:26:00+00:00,5499.597
2024-12-06 04:27:00+00:00,5490.6875
2024-12-06 04:28:00+00:00,5493.595
2024-12-06 04:29:00+00:00,5501.898
2024-12-06 04:30:00+00:00,5496.756
2024-12-06 04:31:00+00:00,5500.7896
2024-12-06 04:32:00+00:00,5500.7896
2024-12-06 04:33:00+00:00,5493.353
2024-12-06 04:34:00+00:00,5501.6577
2024-12-06 04:35:00+00:00,5503.1094
2024-12-06 04:36:00+00:00,5494.5347
2024-12-06 04:37:00+00:00,5490.711
2024-12-06 04:38:00+00:00,5490.6367
2024-12-06 04:39:00+00:00,5484.6987
2024-12-06 04:40:00+00:00,5494.4834
2024-12-06 04:41:00+00:00,5493.3555
2024-12-06 04:42:00+00:00,5499.8296
2024-12-06 04:43:00+00:00,5500.0522
2024-12-06 04:44:00+00:00,5501.0654
2024-12-06 04:45:00+00:00,5500.2686
2024-12-06 04:46:00+00:00,5504.8374
2024-12-06 04:47:00+00:00,5501.2417
2024-12-06 04:48:00+00:00,5501.77
2024-12-06 04:49:00+00:00,5502.979
2024-12-06 04:50:00+00:00,5501.9897
2024-12-06 04:51:00+00:00,5503.306
2024-12-06 04:52:00+00:00,5502.2715
2024-12-06 04:53:00+00:00,5491.594
2024-12-06 04:54:00+00:00,5495.6865
2024-12-06 04:55:00+00:00,5490.9653
2024-12-06 04:56:00+00:00,5490.8857
2024-12-06 04:57:00+00:00,5490.3623
2024-12-06 04:58:00+00:00,5488.1167
2024-12-06 04:59:00+00:00,5492.4497
2024-12-06 05:00:00+00:00,5490.618
2024-12-06 05:01:00+00:00,5483.5063
2024-12-06 05:02:00+00:00,5493.8364
2024-12-06 05:03:00+00:00,5493.5957
2024-12-06 05:04:00+00:00,5492.188
2024-12-06 05:05:00+00:00,5493.257
2024-12-06 05:06:00+00:00,5494.435
2024-12-06 05:07:00+00:00,5490.962
2024-12-06 05:08:00+00:00,5495.9995
2024-12-06 05:09:00+00:00,5494.998
2024-12-06 05:10:00+00:00,5502.2476
2024-12-06 05:11:00+00:00,5499.4644
2024-12-06 05:12:00+00:00,5503.0977
2024-12-06 05:13:00+00:00,5494.3745
2024-12-06 05:14:00+00:00,5501.475
2024-12-06 05:15:00+00:00,5498.6025
2024-12-06 05:16:00+00:00,5495.7095
2024-12-06 05:17:00+00:00,5496.546
2024-12-06 05:18:00+00:00,5496.856
2024-12-06 05:19:00+00:00,5495.1963
2024-12-06 05:20:00+00:00,5498.1323
2024-12-06 05:21:00+00:00,5485.5957
2024-12-06 05:22:00+00:00,5496.307
2024-12-06 05:23:00+00:00,5486.648
2024-12-06 05:24:00+00:00,5480.784
2024-12-06 05:25:00+00:00,5490.274
2024-12-06 05:26:00+00:00,5489.2124
2024-12-06 05:27:00+00:00,5491.7505
2024-12-06 05:28:00+00:00,5494.286
2024-12-06 05:29:00+00:00,5500.6123
2024-12-06 05:30:00+00:00,5502.1904
2024-12-06 05:31:00+00:00,5501.964
2024-12-06 05:32:00+00:00,5498.994
2024-12-06 05:33:00+00:00,5496.953
2024-12-06 05:34:00+00:00,5498.632
2024-12-06 05:35:00+00:00,5500.7944
2024-12-06 05:36:00+00:00,5498.777
2024-12-06 05:37:00+00:00,5488.404
2024-12-06 05:38:00+00:00,5495.6406
2024-12-06 05:39:00+00:00,5495.6353
2024-12-06 05:40:00+00:00,5498.22
2024-12-06 05:41:00+00:00,5486.97
2024-12-06 05:42:00+00:00,5492.4116
2024-12-06 05:43:00+00:00,5494.072
2024-12-06 05:44:00+00:00,5496.487
2024-12-06 05:45:00+00:00,5488.16
2024-12-06 05:46:00+00:00,5494.977
2024-12-06 05:47:00+00:00,5480.9375
2024-12-06 05:48:00+00:00,5480.8804
2024-12-06 05:49:00+00:00,5484.9014
2024-12-06 05:50:00+00:00,5489.579
2024-12-06 05:51:00+00:00,5488.578
2024-12-06 05:52:00+00:00,5493.86
2024-12-06 05:53:00+00:00,5488.1963
2024-12-06 05:54:00+00:00,5495.0107
2024-12-06 05:55:00+00:00,5491.4517
2024-12-06 05:56:00+00:00,5484.4155
2024-12-06 05:57:00+00:00,5485.7046
2024-12-06 05:58:00+00:00,5490.817
2024-12-06 05:59:00+00:00,5490.042
2024-12-06 06:00:00+00:00,5489.363
2024-12-06 06:01:00+00:00,5489.0347
2024-12-06 06:02:00+00:00,5484.286
2024-12-06 06:03:00+00:00,5493.0845
2024-12-06 06:04:00+00:00,5492.128
2024-12-06 06:05:00+00:00,5485.407
2024-12-06 06:06:00+00:00,5490.435
2024-12-06 06:07:00+00:00,5491.1206
2024-12-06 06:08:00+00:00,5476.06
2024-12-06 06:09:00+00:00,5490.8945
2024-12-06 06:10:00+00:00,5493.545
2024-12-06 06:11:00+00:00,5484.643
2024-12-06 06:12:00+00:00,5493.481
2024-12-06 06:13:00+00:00,5496.5864
2024-12-06 06:14:00+00:00,5492.61
2024-12-06 06:15:00+00:00,5485.667
2024-12-06 06:16:00+00:00,5491.8555
2024-12-06 06:17:00+00:00,5491.384
2024-12-06 06:18:00+00:00,5489.7617
2024-12-06 06:19:00+00:00,5495.703
2024-12-06 06:20:00+00:00,5495.1807
2024-12-06 06:21:00+00:00,5493.14
2024-12-06 06:22:00+00:00,5495.8755
2024-12-06 06:23:00+00:00,5494.975
2024-12-06 06:24:00+00:00,5489.56
2024-12-06 06:25:00+00:00,5498.2607
2024-12-06 06:26:00+00:00,5491.5605
2024-12-06 06:27:00+00:00,5494.726
2024-12-06 06:28:00+00:00,5496.463
2024-12-06 06:29:00+00:00,5496.3657
2024-12-06 06:30:00+00:00,5498.7305
2024-12-06 06:31:00+00:00,5498.452
2024-12-06 06:32:00+00:00,5495.38
2024-12-06 06:33:00+00:00,5502.4316
2024-12-06 06:34:00+00:00,5492.782
2024-12-06 06:35:00+00:00,5497.053
2024-12-06 06:36:00+00:00,5493.8184
2024-12-06 06:37:00+00:00,5496.34
2024-12-06 06:38:00+00:00,5498.0757
2024-12-06 06:39:00+00:00,5496.974
2024-12-06 06:40:00+00:00,5495.977
2024-12-06 06:41:00+00:00,5500.275
2024-12-06 06:42:00+00:00,5498.0957
2024-12-06 06:43:00+00:00,5496.424
2024-12-06 06:44:00+00:00,5491.223
2024-12-06 06:45:00+00:00,5491.129
2024-12-06 06:46:00+00:00,5477.699
2024-12-06 06:47:00+00:00,5499.3594
2024-12-06 06:48:00+00:00,5479.5166
2024-12-06 06:49:00+00:00,5492.1875
2024-12-06 06:50:00+00:00,5497.3096
2024-12-06 06:51:00+00:00,5494.7285
2024-12-06 06:52:00+00:00,5492.013
2024-12-06 06:53:00+00:00,5489.15
2024-12-06 06:54:00+00:00,5494.064
2024-12-06 06:55:00+00:00,5500.1567
2024-12-06 06:56:00+00:00,5500.1597
2024-12-06 06:57:00+00:00,5499.066
2024-12-06 06:58:00+00:00,5496.832
2024-12-06 06:59:00+00:00,5495.58
2024-12-06 07:00:00+00:00,5500.157
2024-12-06 07:01:00+00:00,5484.0864
2024-12-06 07:02:00+00:00,5497.732
2024-12-06 07:03:00+00:00,5501.1836
2024-12-06 07:04:00+00:00,5486.3022
2024-12-06 07:05:00+00:00,5498.3203
2024-12-06 07:06:00+00:00,5489.9443
2024-12-06 07:07:00+00:00,5488.3184
2024-12-06 07:08:00+00:00,5489.606
2024-12-06 07:09:00+00:00,5491.7393
2024-12-06 07:10:00+00:00,5491.1543
2024-12-06 07:11:00+00:00,5484.8647
2024-12-06 07:12:00+00:00,5486.763
2024-12-06 07:13:00+00:00,5482.885
2024-12-06 07:14:00+00:00,5475.3667
2024-12-06 07:15:00+00:00,5495.401
2024-12-06 07:16:00+00:00,5483.362
2024-12-06 07:17:00+00:00,5492.585
2024-12-06 07:18:00+00:00,5493.275
2024-12-06 07:19:00+00:00,5491.324
2024-12-06 07:20:00+00:00,5497.416
2024-12-06 07:21:00+00:00,5493.6685
2024-12-06 07:22:00+00:00,5493.299
2024-12-06 07:23:00+00:00,5485.9375
2024-12-06 07:24:00+00:00,5494.085
2024-12-06 07:25:00+00:00,5491.892
2024-12-06 07:26:00+00:00,5494.3296
2024-12-06 07:27:00+00:00,5487.152
2024-12-06 07:28:00+00:00,5492.002
2024-12-06 07:29:00+00:00,5493.0586
2024-12-06 07:30:00+00:00,5483.3345
2024-12-06 07:31:00+00:00,5488.9194
2024-12-06 07:32:00+00:00,5492.4556
2024-12-06 07:33:00+00:00,5496.2944
2024-12-06 07:34:00+00:00,5494.524
2024-12-06 07:35:00+00:00,5492.8535
2024-12-06 07:36:00+00:00,5498.033
2024-12-06 07:37:00+00:00,5500.0884
2024-12-06 07:38:00+00:00,5500.8115
2024-12-06 07:39:00+00:00,5502.506
2024-12-06 07:40:00+00:00,5502.9204
2024-12-06 07:41:00+00:00,5497.3125
2024-12-06 07:42:00+00:00,5494.1323
2024-12-06 07:43:00+00:00,5493.466
2024-12-06 07:44:00+00:00,5500.776
2024-12-06 07:45:00+00:00,5487.2397
2024-12-06 07:46:00+00:00,5492.3105
2024-12-06 07:47:00+00:00,5497.209
2024-12-06 07:48:00+00:00,5502.273
2024-12-06 07:49:00+00:00,5495.1255
2024-12-06 07:50:00+00:00,5500.031
2024-12-06 07:51:00+00:00,5487.737
2024-12-06 07:52:00+00:00,5501.0127
2024-12-06 07:53:00+00:00,5496.655
2024-12-06 07:54:00+00:00,5497.979
2024-12-06 07:55:00+00:00,5486.185
2024-12-06 07:56:00+00:00,5496.226
2024-12-06 07:57:00+00:00,5501.681
2024-12-06 07:58:00+00:00,5488.3125
2024-12-06 07:59:00+00:00,5488.512
2024-12-06 08:00:00+00:00,5502.4546
2024-12-06 08:01:00+00:00,5484.2817
2024-12-06 08:02:00+00:00,5479.371
2024-12-06 08:03:00+00:00,5492.583
2024-12-06 08:04:00+00:00,5480.9873
2024-12-06 08:05:00+00:00,5493.955
2024-12-06 08:06:00+00:00,5490.8394
2024-12-06 08:07:00+00:00,5478.366
2024-12-06 08:08:00+00:00,5489.385
2024-12-06 08:09:00+00:00,5484.8687
2024-12-06 08:10:00+00:00,5486.1777
2024-12-06 08:11:00+00:00,5482.471
2024-12-06 08:12:00+00:00,5485.547
2024-12-06 08:13:00+00:00,5490.162
2024-12-06 08:14:00+00:00,5493.066
2024-12-06 08:15:00+00:00,5493.704
2024-12-06 08:16:00+00:00,5488.8604
2024-12-06 08:17:00+00:00,5491.6826
2024-12-06 08:18:00+00:00,5497.202
2024-12-06 08:19:00+00:00,5497.7476
2024-12-06 08:20:00+00:00,5498.79
2024-12-06 08:21:00+00:00,5499.248
2024-12-06 08:22:00+00:00,5494.318
2024-12-06 08:23:00+00:00,5498.711
2024-12-06 08:24:00+00:00,5494.2075
2024-12-06 08:25:00+00:00,5498.616
2024-12-06 08:26:00+00:00,5485.3013
2024-12-06 08:27:00+00:00,5477.379
2024-12-06 08:28:00+00:00,5487.233
2024-12-06 08:29:00+00:00,5490.7905
2024-12-06 08:30:00+00:00,5491.6655
2024-12-06 08:31:00+00:00,5494.1997
2024-12-06 08:32:00+00:00,5492.502
2024-12-06 08:33:00+00:00,5491.882
2024-12-06 08:34:00+00:00,5495.0366
2024-12-06 08:35:00+00:00,5488.9365
2024-12-06 08:36:00+00:00,5494.797
2024-12-06 08:37:00+00:00,5486.9146
2024-12-06 08:38:00+00:00,5491.018
2024-12-06 08:39:00+00:00,5485.929
2024-12-06 08:40:00+00:00,5495.9434
2024-12-06 08:41:00+00:00,5495.661
2024-12-06 08:42:00+00:00,5485.473
2024-12-06 08:43:00+00:00,5496.2964
2024-12-06 08:44:00+00:00,5490.223
2024-12-06 08:45:00+00:00,5492.4478
2024-12-06 08:46:00+00:00,5491.7266
2024-12-06 08:47:00+00:00,5497.4614
2024-12-06 08:48:00+00:00,5492.512
2024-12-06 08:49:00+00:00,5495.2134
2024-12-06 08:50:00+00:00,5496.091
2024-12-06 08:51:00+00:00,5483.7627
2024-12-06 08:52:00+00:00,5490.889
2024-12-06 08:53:00+00:00,5487.3687
2024-12-06 08:54:00+00:00,5498.0635
2024-12-06 08:55:00+00:00,5483.809
2024-12-06 08:56:00+00:00,5489.8716
2024-12-06 08:57:00+00:00,5487.5596
2024-12-06 08:58:00+00:00,5491.4365
2024-12-06 08:59:00+00:00,5487.588
2024-12-06 09:00:00+00:00,5486.1074
2024-12-06 09:01:00+00:00,5471.765
2024-12-06 09:02:00+00:00,5489.1846
2024-12-06 09:03:00+00:00,5485.7925
2024-12-06 09:04:00+00:00,5473.656
2024-12-06 09:05:00+00:00,5485.876
2024-12-06 09:06:00+00:00,5487.794
2024-12-06 09:07:00+00:00,5485.849
2024-12-06 09:08:00+00:00,5484.372
2024-12-06 09:09:00+00:00,5490.265
2024-12-06 09:10:00+00:00,5494.5234
2024-12-06 09:11:00+00:00,5491.523
2024-12-06 09:12:00+00:00,5492.448
2024-12-06 09:13:00+00:00,5493.4077
2024-12-06 09:14:00+00:00,5496.7954
2024-12-06 09:15:00+00:00,5498.135
2024-12-06 09:16:00+00:00,5493.371
2024-12-06 09:17:00+00:00,5492.8076
2024-12-06 09:18:00+00:00,5491.165
2024-12-06 09:19:00+00:00,5484.304
2024-12-06 09:20:00+00:00,5492.7124
2024-12-06 09:21:00+00:00,5490.936
2024-12-06 09:22:00+00:00,5497.3066
2024-12-06 09:23:00+00:00,5496.3115
2024-12-06 09:24:00+00:00,5486.9873
2024-12-06 09:25:00+00:00,5494.3174
2024-12-06 09:26:00+00:00,5487.1045
2024-12-06 09:27:00+00:00,5475.742
2024-12-06 09:28:00+00:00,5477.7476
2024-12-06 09:29:00+00:00,5492.869
2024-12-06 09:30:00+00:00,5492.305
2024-12-06 09:31:00+00:00,5496.9434
2024-12-06 09:32:00+00:00,5495.0894
2024-12-06 09:33:00+00:00,5494.8887
2024-12-06 09:34:00+00:00,5495.232
2024-12-06 09:35:00+00:00,5498.089
2024-12-06 09:36:00+00:00,5495.5967
2024-12-06 09:37:00+00:00,5488.7817
2024-12-06 09:38:00+00:00,5494.525
2024-12-06 09:39:00+00:00,5495.178
2024-12-06 09:40:00+00:00,5495.236
2024-12-06 09:41:00+00:00,5487.2373
2024-12-06 09:42:00+00:00,5493.6655
2024-12-06 09:43:00+00:00,5495.327
2024-12-06 09:44:00+00:00,5487.152
2024-12-06 09:45:00+00:00,5487.845
2024-12-06 09:46:00+00:00,5488.0923
2024-12-06 09:47:00+00:00,5487.0835
2024-12-06 09:48:00+00:00,5487.033
2024-12-06 09:49:00+00:00,5487.11
2024-12-06 09:50:00+00:00,5484.907
2024-12-06 09:51:00+00:00,5490.5435
2024-12-06 09:52:00+00:00,5487.887
2024-12-06 09:53:00+00:00,5484.3184
2024-12-06 09:54:00+00:00,5482.079
2024-12-06 09:55:00+00:00,5485.322
2024-12-06 09:56:00+00:00,5486.7466
2024-12-06 09:57:00+00:00,5474.906
2024-12-06 09:58:00+00:00,5480.2256
